time,gFx,gFy,gFz,ax,ay,az,latitude,longitude,altitude,speed
2024-07-23 19:12:37.3090,-0.034,-0.409,-0.975,0.6,0.19,0.95,49.279239689547076,-122.90310786922191,336.84033794049174,0.5687757977559416
2024-07-23 19:12:37.3090,-0.068,-0.395,-0.912,0.53,-0.12,0.66,49.279239689547076,-122.90310786922191,336.84033794049174,0.5687757977559416
2024-07-23 19:12:53.8020,-0.086,-0.417,-0.85,0.88,-0.22,0.03,49.279239689547076,-122.90310786922191,336.84033794049174,0.5687757977559416
2024-07-23 19:12:53.8120,-0.066,-0.38,-0.813,1.08,0.02,-0.6,49.279239689547076,-122.90310786922191,336.84033794049174,0.5687757977559416
2024-07-23 19:12:53.8210,-0.05,-0.374,-0.824,0.93,-0.32,-0.96,49.279239689547076,-122.90310786922191,336.84033794049174,0.5687757977559416
2024-07-23 19:12:53.8320,-0.022,-0.384,-0.841,0.63,-0.26,-0.69,49.279239689547076,-122.90310786922191,336.84033794049174,0.5687757977559416
2024-07-23 19:12:53.8420,0.005,-0.377,-0.871,0.44,-0.32,-0.4,49.279239689547076,-122.90310786922191,336.84033794049174,0.5687757977559416
2024-07-23 19:12:53.8520,0.025,-0.367,-0.908,0.44,-0.32,-0.4,49.279239689547076,-122.90310786922191,336.84033794049174,0.5687757977559416
2024-07-23 19:12:53.8630,0.043,-0.357,-0.936,0.31,-0.41,0.24796696722507477,49.279239689547076,-122.90310786922191,336.84033794049174,0.5687757977559416
2024-07-23 19:12:53.8730,0.054,-0.358,-0.947,0.14,-0.48,0.34,49.279239689547076,-122.90310786922191,336.84033794049174,0.5687757977559416
2024-07-23 19:12:53.8830,0.071,-0.373,-0.93,0.03,-0.31,0.17,49.279239689547076,-122.90310786922191,336.84033794049174,0.5687757977559416
2024-07-23 19:12:53.8930,0.096,-0.398,-0.913,0.03,-0.31,0.17,49.279239689547076,-122.90310786922191,336.84033794049174,0.5687757977559416
2024-07-23 19:12:53.9030,0.115,-0.42,-0.909,-0.16,-0.05,0.01,49.279239689547076,-122.90310786922191,336.84033794049174,0.5687757977559416
2024-07-23 19:12:53.9120,0.132,-0.426,-0.904,-0.44,0.29,-0.11,49.279239689547076,-122.90310786922191,336.84033794049174,0.5687757977559416
2024-07-23 19:12:53.9230,0.141,-0.42,-0.907,-0.5,0.27,-0.09,49.279239689547076,-122.90310786922191,336.84033794049174,0.5687757977559416
2024-07-23 19:12:53.9330,0.142,-0.404,-0.911,-0.5,0.27,-0.09,49.279239689547076,-122.90310786922191,336.84033794049174,0.5687757977559416
2024-07-23 19:12:53.9430,0.144,-0.384,-0.908,-0.46,-0.02,-0.1,49.279239689547076,-122.90310786922191,336.84033794049174,0.5687757977559416
2024-07-23 19:12:53.9530,0.145,-0.361,-0.9,-0.46,-0.02,-0.1,49.279239689547076,-122.90310786922191,336.84033794049174,0.5687757977559416
2024-07-23 19:12:53.9630,0.142,-0.347,-0.89,-0.39,-0.34,-0.28,49.279239689547076,-122.90310786922191,336.84033794049174,0.5687757977559416
2024-07-23 19:12:53.9730,0.141,-0.345,-0.874,-0.35,-0.34,-0.45,49.279239689547076,-122.90310786922191,336.84033794049174,0.5687757977559416
2024-07-23 19:12:53.9840,0.146,-0.35,-0.855,-0.35,-0.34,-0.45,49.279239689547076,-122.90310786922191,336.84033794049174,0.5687757977559416
2024-07-23 19:12:53.9940,0.155,-0.354,-0.848,-0.42,-0.21,-0.71,49.279239689547076,-122.90310786922191,336.84033794049174,0.5687757977559416
2024-07-23 19:12:54.0040,0.168,-0.358,-0.852,-0.42,-0.21,-0.71,49.279239689547076,-122.90310786922191,336.84033794049174,0.5687757977559416
2024-07-23 19:12:54.0130,0.189,-0.367,-0.847,-0.51,-0.15,-0.68,49.279239689547076,-122.90310786922191,336.84033794049174,0.5687757977559416
2024-07-23 19:12:54.0240,0.203,-0.381,-0.846,-0.8,0.14,-0.75,49.279239689547076,-122.90310786922191,336.84033794049174,0.5687757977559416
2024-07-23 19:12:54.0340,0.215,-0.383,-0.846,-0.8,0.14,-0.75,49.279239689547076,-122.90310786922191,336.84033794049174,0.5687757977559416
2024-07-23 19:12:54.0440,0.223,-0.374,-0.837,-0.89,0.18,-0.77,49.279239689547076,-122.90310786922191,336.84033794049174,0.5687757977559416
2024-07-23 19:12:54.0540,0.222,-0.366,-0.83,-0.94,0.12,-0.85,49.279239689547076,-122.90310786922191,336.84033794049174,0.5687757977559416
2024-07-23 19:12:54.0640,0.215,-0.361,-0.822,-0.91,0.05,-0.93,49.279239689547076,-122.90310786922191,336.84033794049174,0.5687757977559416
2024-07-23 19:12:54.0740,0.218,-0.357,-0.817,-0.83,0.0,-1.06,49.279239689547076,-122.90310786922191,336.84033794049174,0.5687757977559416
2024-07-23 19:12:54.0840,0.228,-0.354,-0.811,-0.83,0.0,-1.06,49.279239689547076,-122.90310786922191,336.84033794049174,0.5687757977559416
2024-07-23 19:12:54.0940,0.233,-0.36,-0.804,-0.92,-0.01,-1.12,49.279239689547076,-122.90310786922191,336.84033794049174,0.5687757977559416
2024-07-23 19:12:54.1040,0.232,-0.368,-0.792,-0.97,0.08,-1.21,49.279239689547076,-122.90310786922191,336.84033794049174,0.5687757977559416
2024-07-23 19:12:54.1140,0.231,-0.36,-0.777,-0.94,0.19,-1.34,49.279239689547076,-122.90310786922191,336.84033794049174,0.5687757977559416
2024-07-23 19:12:54.1240,0.236,-0.354,-0.783,-0.92,0.17,-1.5,49.279239689547076,-122.90310786922191,336.84033794049174,0.5687757977559416
2024-07-23 19:12:54.1360,0.243,-0.347,-0.8,-1.03,0.17,-1.32,49.279239689547076,-122.90310786922191,336.84033794049174,0.5687757977559416
2024-07-23 19:12:54.1450,0.254,-0.33,-0.829,-1.03,0.17,-1.32,49.279239689547076,-122.90310786922191,336.84033794049174,0.5687757977559416
2024-07-23 19:12:54.1570,0.263,-0.3,-0.873,-1.13,0.08,-1.06,49.279239689547076,-122.90310786922191,336.84033794049174,0.5687757977559416
2024-07-23 19:12:54.1660,0.261,-0.274,-0.9,-1.2,-0.32,-0.41,49.279239689547076,-122.90310786922191,336.84033794049174,0.5687757977559416
2024-07-23 19:12:54.1750,0.256,-0.258,-0.908,-1.2,-0.32,-0.41,49.279239689547076,-122.90310786922191,336.84033794049174,0.5687757977559416
2024-07-23 19:12:54.1890,0.249,-0.25,-0.907,-1.16,-0.42,-0.35,49.27925417323501,-122.90310897361138,336.74622357822955,0.9478263557595353
2024-07-23 19:12:54.1950,0.241,-0.249,-0.895,-1.1,-0.45,-0.38,49.27925417323501,-122.90310897361138,336.74622357822955,0.9478263557595353
2024-07-23 19:12:54.2060,0.242,-0.254,-0.889,-1.06,-0.33,-0.59,49.27925417323501,-122.90310897361138,336.74622357822955,0.9478263557595353
2024-07-23 19:12:54.2150,0.244,-0.263,-0.885,-1.06,-0.33,-0.59,49.27925417323501,-122.90310897361138,336.74622357822955,0.9478263557595353
2024-07-23 19:12:54.2250,0.233,-0.283,-0.869,-1.1,-0.2,-0.64,49.27925417323501,-122.90310897361138,336.74622357822955,0.9478263557595353
2024-07-23 19:12:54.2350,0.219,-0.299,-0.863,-0.9,0.23,-0.89,49.27925417323501,-122.90310897361138,336.74622357822955,0.9478263557595353
2024-07-23 19:12:54.2450,0.207,-0.3,-0.858,-0.9,0.23,-0.89,49.27925417323501,-122.90310897361138,336.74622357822955,0.9478263557595353
2024-07-23 19:12:54.2560,0.198,-0.28,-0.835,-0.76,0.12,-1.19,49.27925417323501,-122.90310897361138,336.74622357822955,0.9478263557595353
2024-07-23 19:12:54.2660,0.182,-0.254,-0.818,-0.76,0.12,-1.19,49.27925417323501,-122.90310897361138,336.74622357822955,0.9478263557595353
2024-07-23 19:12:54.2760,0.177,-0.223,-0.796,-0.64,-0.09,-1.37,49.27925417323501,-122.90310897361138,336.74622357822955,0.9478263557595353
2024-07-23 19:12:54.2860,0.17,-0.191,-0.774,-0.64,-0.36,-1.61,49.27925417323501,-122.90310897361138,336.74622357822955,0.9478263557595353
2024-07-23 19:12:54.2950,0.146,-0.179,-0.754,-0.6,-0.63,-1.84,49.27925417323501,-122.90310897361138,336.74622357822955,0.9478263557595353
2024-07-23 19:12:54.3060,0.129,-0.177,-0.72,-0.24619175255298617,-0.71,-2.39,49.27925417323501,-122.90310897361138,336.74622357822955,0.9478263557595353
2024-07-23 19:12:54.3170,0.125,-0.175,-0.661,-0.25,-0.71,-2.39,49.27925417323501,-122.90310897361138,336.74622357822955,0.9478263557595353
2024-07-23 19:12:54.3260,0.128,-0.168,-0.624,-0.23,-0.72,-2.97,49.27925417323501,-122.90310897361138,336.74622357822955,0.9478263557595353
2024-07-23 19:12:54.3360,0.13,-0.174,-0.588,-0.26,-0.78,-3.34,49.27925417323501,-122.90310897361138,336.74622357822955,0.9478263557595353
2024-07-23 19:12:54.3460,0.13,-0.174,-0.557,-0.26,-0.73,-3.69,49.27925417323501,-122.90310897361138,336.74622357822955,0.9478263557595353
2024-07-23 19:12:54.3560,0.135,-0.15,-0.569,-0.24,-0.76,-3.98,49.27925417323501,-122.90310897361138,336.74622357822955,0.9478263557595353
2024-07-23 19:12:54.3670,0.154,-0.121,-0.589,-0.27,-1.03,-3.86,49.27925417323501,-122.90310897361138,336.74622357822955,0.9478263557595353
2024-07-23 19:12:54.3760,0.144,-0.125,-0.579,-0.44,-1.35,-3.65,49.27925417323501,-122.90310897361138,336.74622357822955,0.9478263557595353
2024-07-23 19:12:54.3870,0.104,-0.09,-0.566,-0.33,-1.35,-3.73,49.27925417323501,-122.90310897361138,336.74622357822955,0.9478263557595353
2024-07-23 19:12:54.3970,0.085,-0.035,-0.563,0.07,-1.76,-3.84,49.27925417323501,-122.90310897361138,336.74622357822955,0.9478263557595353
2024-07-23 19:12:54.4070,0.076,0.023,-0.583,0.36,-2.98,-3.63,49.27925417323501,-122.90310897361138,336.74622357822955,0.9478263557595353
2024-07-23 19:12:54.4170,0.07,0.063,-0.602,0.36,-2.98,-3.63,49.27925417323501,-122.90310897361138,336.74622357822955,0.9478263557595353
2024-07-23 19:12:54.4260,0.046,0.072,-0.611,0.42,-3.5573427996039393,-3.3275223737955093,49.27925417323501,-122.90310897361138,336.74622357822955,0.9478263557595353
2024-07-23 19:12:54.4380,0.011,0.059,-0.604,0.98,-3.47,-3.39,49.27925417323501,-122.90310897361138,336.74622357822955,0.9478263557595353
2024-07-23 19:12:54.4470,-0.009,0.051,-0.582,0.98,-3.47,-3.39,49.27925417323501,-122.90310897361138,336.74622357822955,0.9478263557595353
2024-07-23 19:12:54.4560,-0.012,0.05,-0.548,1.2,-3.43,-3.93,49.27925417323501,-122.90310897361138,336.74622357822955,0.9478263557595353
2024-07-23 19:12:54.4670,-0.023,0.035,-0.513,1.2,-3.43,-3.93,49.27925417323501,-122.90310897361138,336.74622357822955,0.9478263557595353
2024-07-23 19:12:54.4770,-0.032,0.005,-0.516,1.31,-3.3,-4.26,49.27925417323501,-122.90310897361138,336.74622357822955,0.9478263557595353
2024-07-23 19:12:54.4870,-0.007,-0.017,-0.575,1.43,-3.02,-4.22,49.27925417323501,-122.90310897361138,336.74622357822955,0.9478263557595353
2024-07-23 19:12:54.4980,0.059,-0.013,-0.732,0.56,-2.85,-2.1,49.27925417323501,-122.90310897361138,336.74622357822955,0.9478263557595353
2024-07-23 19:12:54.5070,0.119,-0.001,-0.905,0.56,-2.85,-2.1,49.27925417323501,-122.90310897361138,336.74622357822955,0.9478263557595353
2024-07-23 19:12:54.5170,0.101,-0.012,-0.894,-0.07,-2.97,-0.41,49.27925417323501,-122.90310897361138,336.74622357822955,0.9478263557595353
2024-07-23 19:12:54.5270,0.063,-0.042,-0.814,0.05,-2.87,-0.52,49.27925417323501,-122.90310897361138,336.74622357822955,0.9478263557595353
2024-07-23 19:12:54.5380,0.068,-0.039,-0.829,0.33,-2.58,-1.31,49.27925417323501,-122.90310897361138,336.74622357822955,0.9478263557595353
2024-07-23 19:12:54.5480,0.075,-0.029,-0.835,0.18,-2.62,-1.18,49.27925417323501,-122.90310897361138,336.74622357822955,0.9478263557595353
2024-07-23 19:12:54.5580,0.071,-0.045,-0.817,0.01,-2.71,-1.12,49.27925417323501,-122.90310897361138,336.74622357822955,0.9478263557595353
2024-07-23 19:12:54.5680,0.058,-0.073,-0.816,-0.06,-2.55,-1.31,49.27925417323501,-122.90310897361138,336.74622357822955,0.9478263557595353
2024-07-23 19:12:54.5790,0.049,-0.106,-0.802,-0.04,-2.27,-1.33,49.27925417323501,-122.90310897361138,336.74622357822955,0.9478263557595353
2024-07-23 19:12:54.5880,0.038,-0.149,-0.783,-0.06,-1.93,-1.48,49.27925417323501,-122.90310897361138,336.74622357822955,0.9478263557595353
2024-07-23 19:12:54.5980,0.027,-0.187,-0.784,-0.06,-1.5,-1.67,49.27925417323501,-122.90310897361138,336.74622357822955,0.9478263557595353
2024-07-23 19:12:54.6080,0.019,-0.214,-0.798,-0.01,-0.86,-1.53,49.27925417323501,-122.90310897361138,336.74622357822955,0.9478263557595353
2024-07-23 19:12:54.6180,0.021,-0.244,-0.832,-0.07,-0.56,-1.2,49.27925417323501,-122.90310897361138,336.74622357822955,0.9478263557595353
2024-07-23 19:12:54.6280,0.036,-0.263,-0.887,-0.07,-0.56,-1.2,49.27925417323501,-122.90310897361138,336.74622357822955,0.9478263557595353
2024-07-23 19:12:54.6380,0.052,-0.264,-0.96,-0.25,-0.38,-0.65,49.27925417323501,-122.90310897361138,336.74622357822955,0.9478263557595353
2024-07-23 19:12:54.6480,0.073,-0.26,-1.035,-0.44,-0.38,0.07,49.27925417323501,-122.90310897361138,336.74622357822955,0.9478263557595353
2024-07-23 19:12:54.6580,0.079,-0.264,-1.095,-0.81,-0.39,1.38,49.27925417323501,-122.90310897361138,336.74622357822955,0.9478263557595353
2024-07-23 19:12:54.6680,0.072,-0.274,-1.147,-0.81,-0.39,1.38,49.27925417323501,-122.90310897361138,336.74622357822955,0.9478263557595353
2024-07-23 19:12:54.6790,0.064,-0.279,-1.192,-0.85,-0.19,2.33,49.27925417323501,-122.90310897361138,336.74622357822955,0.9478263557595353
2024-07-23 19:12:54.6880,0.035,-0.291,-1.239,-0.85,-0.19,2.33,49.27925417323501,-122.90310897361138,336.74622357822955,0.9478263557595353
2024-07-23 19:12:54.6990,-0.003,-0.309,-1.269,-0.68,-0.03,2.78,49.27925417323501,-122.90310897361138,336.74622357822955,0.9478263557595353
2024-07-23 19:12:54.7090,-0.036,-0.33,-1.277,-0.22,0.44,3.13,49.27925417323501,-122.90310897361138,336.74622357822955,0.9478263557595353
2024-07-23 19:12:54.7190,-0.069,-0.362,-1.271,-0.02,0.8,3.07,49.27925417323501,-122.90310897361138,336.74622357822955,0.9478263557595353
2024-07-23 19:12:54.7290,-0.106,-0.402,-1.254,-0.02,0.8,3.07,49.27925417323501,-122.90310897361138,336.74622357822955,0.9478263557595353
2024-07-23 19:12:54.7390,-0.146,-0.447,-1.23,0.22,1.23,2.9,49.27925417323501,-122.90310897361138,336.74622357822955,0.9478263557595353
2024-07-23 19:12:54.7490,-0.191,-0.494,-1.237,0.85,2.23,2.73,49.27925417323501,-122.90310897361138,336.74622357822955,0.9478263557595353
2024-07-23 19:12:54.7590,-0.228,-0.532,-1.237,1.13,2.65,2.73,49.27925417323501,-122.90310897361138,336.74622357822955,0.9478263557595353
2024-07-23 19:12:54.7690,-0.259,-0.561,-1.273,1.13,2.65,2.73,49.27925417323501,-122.90310897361138,336.74622357822955,0.9478263557595353
2024-07-23 19:12:54.7790,-0.285,-0.562,-1.334,1.37,2.98,3.07,49.27925417323501,-122.90310897361138,336.74622357822955,0.9478263557595353
2024-07-23 19:12:54.7890,-0.308,-0.558,-1.399,1.59,3.03,3.67,49.27925417323501,-122.90310897361138,336.74622357822955,0.9478263557595353
2024-07-23 19:12:54.8000,-0.324,-0.576,-1.471,1.92,3.19,5.01,49.27925417323501,-122.90310897361138,336.74622357822955,0.9478263557595353
2024-07-23 19:12:54.8100,-0.328,-0.616,-1.518,1.92,3.19,5.01,49.27925417323501,-122.90310897361138,336.74622357822955,0.9478263557595353
2024-07-23 19:12:54.8200,-0.327,-0.68,-1.553,1.93,4.16,5.83,49.27925417323501,-122.90310897361138,336.74622357822955,0.9478263557595353
2024-07-23 19:12:54.8310,-0.328,-0.768,-1.582,1.93,4.16,5.83,49.27925417323501,-122.90310897361138,336.74622357822955,0.9478263557595353
2024-07-23 19:12:54.8400,-0.349,-0.881,-1.62,1.95,4.99,6.12,49.27925417323501,-122.90310897361138,336.74622357822955,0.9478263557595353
2024-07-23 19:12:54.8500,-0.381,-1.001,-1.686,2.57,7.24,7.14,49.27925417323501,-122.90310897361138,336.74622357822955,0.9478263557595353
2024-07-23 19:12:54.8610,-0.396,-1.098,-1.811,2.57,7.24,7.14,49.27925417323501,-122.90310897361138,336.74622357822955,0.9478263557595353
2024-07-23 19:12:54.8700,-0.353,-1.113,-2.017,2.82,8.22,8.35,49.27925417323501,-122.90310897361138,336.74622357822955,0.9478263557595353
2024-07-23 19:12:54.8800,-0.261,-1.05,-2.285,1.73,7.86,12.94,49.27925417323501,-122.90310897361138,336.74622357822955,0.9478263557595353
2024-07-23 19:12:54.8920,-0.142,-0.945,-2.586,1.73,7.86,12.94,49.27925417323501,-122.90310897361138,336.74622357822955,0.9478263557595353
2024-07-23 19:12:54.9010,-0.04,-0.828,-2.846,0.65,6.89,15.88,49.27925417323501,-122.90310897361138,336.74622357822955,0.9478263557595353
2024-07-23 19:12:54.9120,0.014,-0.75,-2.917,-0.34,5.77,18.42,49.27925417323501,-122.90310897361138,336.74622357822955,0.9478263557595353
2024-07-23 19:12:54.9210,-0.001,-0.768,-2.782,-0.9,5.02,19.12,49.27925417323501,-122.90310897361138,336.74622357822955,0.9478263557595353
2024-07-23 19:12:54.9320,-0.031,-0.826,-2.579,-0.5686288583278656,5.718247125148774,15.82,49.27925417323501,-122.90310897361138,336.74622357822955,0.9478263557595353
2024-07-23 19:12:54.9420,-0.059,-0.832,-2.415,-0.57,5.71,15.82,49.27925417323501,-122.90310897361138,336.74622357822955,0.9478263557595353
2024-07-23 19:12:54.9520,-0.09,-0.798,-2.299,-0.33,5.74,14.23,49.27925417323501,-122.90310897361138,336.74622357822955,0.9478263557595353
2024-07-23 19:12:54.9620,-0.093,-0.733,-2.244,-0.03,5.37,13.09,49.27925417323501,-122.90310897361138,336.74622357822955,0.9478263557595353
2024-07-23 19:12:54.9720,-0.048,-0.654,-2.212,0.03,4.69,12.56,49.27925417323501,-122.90310897361138,336.74622357822955,0.9478263557595353
2024-07-23 19:12:54.9820,0.027,-0.575,-2.193,-0.36,3.85,12.26,49.27925417323501,-122.90310897361138,336.74622357822955,0.9478263557595353
2024-07-23 19:12:54.9920,0.108,-0.466,-2.172,-1.03,2.97,12.1,49.27925417323501,-122.90310897361138,336.74622357822955,0.9478263557595353
2024-07-23 19:12:55.0020,0.165,-0.364,-2.106,-2.24,0.61,11.32,49.27925417323501,-122.90310897361138,336.74622357822955,0.9478263557595353
2024-07-23 19:12:55.0120,0.174,-0.334,-1.972,-2.24,0.61,11.32,49.27925417323501,-122.90310897361138,336.74622357822955,0.9478263557595353
2024-07-23 19:12:55.0210,0.157,-0.373,-1.821,-1.97,0.34,8.64,49.27925417323501,-122.90310897361138,336.74622357822955,0.9478263557595353
2024-07-23 19:12:55.0310,0.18,-0.438,-1.704,-2.06,0.79,7.56,49.27925417323501,-122.90310897361138,336.74622357822955,0.9478263557595353
2024-07-23 19:12:55.0420,0.196,-0.456,-1.626,-2.06,0.79,7.56,49.27925417323501,-122.90310897361138,336.74622357822955,0.9478263557595353
2024-07-23 19:12:55.0520,0.188,-0.393,-1.574,-1.8,-0.02,6.42,49.27925417323501,-122.90310897361138,336.74622357822955,0.9478263557595353
2024-07-23 19:12:55.0620,0.204,-0.259,-1.567,-1.8,-0.02,6.42,49.27925417323501,-122.90310897361138,336.74622357822955,0.9478263557595353
2024-07-23 19:12:55.0720,0.245,-0.11,-1.596,-1.91,-3.16,6.82,49.27925417323501,-122.90310897361138,336.74622357822955,0.9478263557595353
2024-07-23 19:12:55.0820,0.322,-0.02,-1.62,-1.91,-3.16,6.82,49.27925417323501,-122.90310897361138,336.74622357822955,0.9478263557595353
2024-07-23 19:12:55.0920,0.421,-0.021,-1.681,-2.43,-4.22,7.16,49.27925417323501,-122.90310897361138,336.74622357822955,0.9478263557595353
2024-07-23 19:12:55.1020,0.473,-0.095,-1.706,-3.53,-3.81,8.21,49.27925417323501,-122.90310897361138,336.74622357822955,0.9478263557595353
2024-07-23 19:12:55.1120,0.464,-0.171,-1.606,-3.53,-3.81,8.21,49.27925417323501,-122.90310897361138,336.74622357822955,0.9478263557595353
2024-07-23 19:12:55.1220,0.393,-0.233,-1.416,-3.31,-3.19,7.32,49.27925417323501,-122.90310897361138,336.74622357822955,0.9478263557595353
2024-07-23 19:12:55.1320,0.284,-0.267,-1.192,-1.36,-2.49,3.44,49.27925417323501,-122.90310897361138,336.74622357822955,0.9478263557595353
2024-07-23 19:12:55.1420,0.171,-0.263,-0.947,-0.15,-2.65,1.12,49.27925417323501,-122.90310897361138,336.74622357822955,0.9478263557595353
2024-07-23 19:12:55.1530,0.054,-0.24,-0.717,1.09,-2.98,-1.05,49.27925417323501,-122.90310897361138,336.74622357822955,0.9478263557595353
2024-07-23 19:12:55.1620,-0.061,-0.246,-0.557,1.09,-2.98,-1.05,49.27925417323501,-122.90310897361138,336.74622357822955,0.9478263557595353
2024-07-23 19:12:55.1720,-0.147,-0.252,-0.438,2.31,-3.01,-2.54,49.27925454902959,-122.90310825323078,336.8446089895442,0.5072882355488839
2024-07-23 19:12:55.1820,-0.242,-0.246,-0.337,4.24,-3.01,-4.65,49.27925454902959,-122.90310825323078,336.8446089895442,0.5072882355488839
2024-07-23 19:12:55.1930,-0.351,-0.233,-0.221,5.36,-3.06,-5.84,49.27925454902959,-122.90310825323078,336.8446089895442,0.5072882355488839
2024-07-23 19:12:55.2020,-0.425,-0.195,-0.109,5.36,-3.06,-5.84,49.27925454902959,-122.90310825323078,336.8446089895442,0.5072882355488839
2024-07-23 19:12:55.2120,-0.449,-0.17,-0.049,6.15,-3.29,-7.01,49.27925454902959,-122.90310825323078,336.8446089895442,0.5072882355488839
2024-07-23 19:12:55.2230,-0.389,-0.175,-0.031,6.45,-3.37,-7.69,49.27925454902959,-122.90310825323078,336.8446089895442,0.5072882355488839
2024-07-23 19:12:55.2330,-0.29,-0.222,-0.031,5.95,-3.16,-7.94,49.27925454902959,-122.90310825323078,336.8446089895442,0.5072882355488839
2024-07-23 19:12:55.2430,-0.193,-0.239,-0.031,5.07,-2.57,-8.0,49.27925454902959,-122.90310825323078,336.8446089895442,0.5072882355488839
2024-07-23 19:12:55.2530,-0.109,-0.221,-0.031,4.22,-2.34,-8.01,49.27925454902959,-122.90310825323078,336.8446089895442,0.5072882355488839
2024-07-23 19:12:55.2630,-0.061,-0.204,-0.03,3.1,-2.69,-7.96,49.27925454902959,-122.90310825323078,336.8446089895442,0.5072882355488839
2024-07-23 19:12:55.2730,-0.054,-0.191,0.001,3.1,-2.69,-7.96,49.27925454902959,-122.90310825323078,336.8446089895442,0.5072882355488839
2024-07-23 19:12:55.2830,-0.076,-0.184,0.064,3.3676798814535145,-3.043685077428818,-8.75,49.27925454902959,-122.90310825323078,336.8446089895442,0.5072882355488839
2024-07-23 19:12:55.2940,-0.111,-0.164,0.133,3.75,-3.33,-9.36,49.27925454902959,-122.90310825323078,336.8446089895442,0.5072882355488839
2024-07-23 19:12:55.3030,-0.136,-0.132,0.177,3.75,-3.33,-9.36,49.27925454902959,-122.90310825323078,336.8446089895442,0.5072882355488839
2024-07-23 19:12:55.3130,-0.154,-0.11,0.196,4.04,-3.72,-9.73,49.27925454902959,-122.90310825323078,336.8446089895442,0.5072882355488839
2024-07-23 19:12:55.3230,-0.158,-0.106,0.181,4.26,-3.99,-9.86,49.27925454902959,-122.90310825323078,336.8446089895442,0.5072882355488839
2024-07-23 19:12:55.3330,-0.16,-0.123,0.14,4.34,-4.06,-9.69,49.27925454902959,-122.90310825323078,336.8446089895442,0.5072882355488839
2024-07-23 19:12:55.3440,-0.162,-0.135,0.103,4.39,-3.92,-9.26,49.27925454902959,-122.90310825323078,336.8446089895442,0.5072882355488839
2024-07-23 19:12:55.3540,-0.159,-0.142,0.079,4.44,-3.8,-8.88,49.27925454902959,-122.90310825323078,336.8446089895442,0.5072882355488839
2024-07-23 19:12:55.3640,-0.154,-0.153,0.067,4.38,-3.65,-8.51,49.27925454902959,-122.90310825323078,336.8446089895442,0.5072882355488839
2024-07-23 19:12:55.3740,-0.15,-0.157,0.063,4.34,-3.63,-8.46,49.27925454902959,-122.90310825323078,336.8446089895442,0.5072882355488839
2024-07-23 19:12:55.3840,-0.148,-0.158,0.062,4.32,-3.65,-8.42,49.27925454902959,-122.90310825323078,336.8446089895442,0.5072882355488839
2024-07-23 19:12:55.3940,-0.153,-0.146,0.065,4.37,-3.81,-8.43,49.27925454902959,-122.90310825323078,336.8446089895442,0.5072882355488839
2024-07-23 19:12:55.4040,-0.157,-0.13,0.077,4.37,-3.81,-8.43,49.27925454902959,-122.90310825323078,336.8446089895442,0.5072882355488839
2024-07-23 19:12:55.4140,-0.157,-0.121,0.086,4.41,-4.02,-8.5,49.27925454902959,-122.90310825323078,336.8446089895442,0.5072882355488839
2024-07-23 19:12:55.4240,-0.151,-0.118,0.073,4.43,-4.16,-8.55,49.27925454902959,-122.90310825323078,336.8446089895442,0.5072882355488839
2024-07-23 19:12:55.4340,-0.129,-0.133,0.031,4.24,-4.1,-7.94,49.27925454902959,-122.90310825323078,336.8446089895442,0.5072882355488839
2024-07-23 19:12:55.4450,-0.091,-0.166,-0.04,3.91,-3.78,-7.22,49.27925454902959,-122.90310825323078,336.8446089895442,0.5072882355488839
2024-07-23 19:12:55.4540,-0.054,-0.192,-0.138,3.57,-3.53,-6.25,49.27925454902959,-122.90310825323078,336.8446089895442,0.5072882355488839
2024-07-23 19:12:55.4650,-0.027,-0.193,-0.22,3.32,-3.51,-5.44,49.27925454902959,-122.90310825323078,336.8446089895442,0.5072882355488839
2024-07-23 19:12:55.4750,-0.013,-0.183,-0.27,3.18,-3.6,-4.96,49.27925454902959,-122.90310825323078,336.8446089895442,0.5072882355488839
2024-07-23 19:12:55.4850,-0.017,-0.174,-0.279,3.21,-3.68,-4.88,49.27925454902959,-122.90310825323078,336.8446089895442,0.5072882355488839
2024-07-23 19:12:55.4950,-0.02,-0.168,-0.258,3.21,-3.68,-4.88,49.27925454902959,-122.90310825323078,336.8446089895442,0.5072882355488839
2024-07-23 19:12:55.5050,-0.013,-0.171,-0.235,3.22,-3.74,-5.1,49.27925454902959,-122.90310825323078,336.8446089895442,0.5072882355488839
2024-07-23 19:12:55.5150,-0.004,-0.19,-0.213,3.13,-3.72,-5.32,49.27925454902959,-122.90310825323078,336.8446089895442,0.5072882355488839
2024-07-23 19:12:55.5250,0.002,-0.202,-0.214,3.02,-3.56,-5.53,49.27925454902959,-122.90310825323078,336.8446089895442,0.5072882355488839
2024-07-23 19:12:55.5360,0.009,-0.195,-0.227,2.84,-3.58,-5.36,49.27925454902959,-122.90310825323078,336.8446089895442,0.5072882355488839
2024-07-23 19:12:55.5450,0.015,-0.175,-0.241,2.84,-3.58,-5.198688100576401,49.27925454902959,-122.90310825323078,336.8446089895442,0.5072882355488839
2024-07-23 19:12:55.5550,0.015,-0.154,-0.257,2.75,-3.83,-5.2,49.27925454902959,-122.90310825323078,336.8446089895442,0.5072882355488839
2024-07-23 19:12:55.5650,0.012,-0.129,-0.258,2.7,-4.38,-4.99,49.27925454902959,-122.90310825323078,336.8446089895442,0.5072882355488839
2024-07-23 19:12:55.5750,0.012,-0.114,-0.241,2.7,-4.38,-4.99,49.27925454902959,-122.90310825323078,336.8446089895442,0.5072882355488839
2024-07-23 19:12:55.5860,0.014,-0.126,-0.2,2.55,-4.52,-5.52,49.27925454902959,-122.90310825323078,336.8446089895442,0.5072882355488839
2024-07-23 19:12:55.5950,0.022,-0.154,-0.148,2.55,-4.52,-5.52,49.27925454902959,-122.90310825323078,336.8446089895442,0.5072882355488839
2024-07-23 19:12:55.6050,0.033,-0.198,-0.126,2.41,-4.3,-6.01,49.27925454902959,-122.90310825323078,336.8446089895442,0.5072882355488839
2024-07-23 19:12:55.6150,0.037,-0.247,-0.135,2.15,-3.49,-6.09,49.27925454902959,-122.90310825323078,336.8446089895442,0.5072882355488839
2024-07-23 19:12:55.6260,0.031,-0.269,-0.178,2.15,-3.49,-6.09,49.27925454902959,-122.90310825323078,336.8446089895442,0.5072882355488839
2024-07-23 19:12:55.6360,0.03,-0.255,-0.258,2.15,-3.31,-5.67,49.27925454902959,-122.90310825323078,336.8446089895442,0.5072882355488839
2024-07-23 19:12:55.6460,0.026,-0.209,-0.366,2.08,-3.47,-4.89,49.27925454902959,-122.90310825323078,336.8446089895442,0.5072882355488839
2024-07-23 19:12:55.6560,-0.002,-0.149,-0.468,2.02,-3.93,-3.85,49.27925454902959,-122.90310825323078,336.8446089895442,0.5072882355488839
2024-07-23 19:12:55.6670,-0.033,-0.147,-0.477,2.16,-4.53,-2.88,49.27925454902959,-122.90310825323078,336.8446089895442,0.5072882355488839
2024-07-23 19:12:55.6760,-0.027,-0.187,-0.407,2.14,-4.12,-3.59,49.27925454902959,-122.90310825323078,336.8446089895442,0.5072882355488839
2024-07-23 19:12:55.6860,-0.077,-0.266,-0.382,2.52,-3.3,-3.88,49.27925454902959,-122.90310825323078,336.8446089895442,0.5072882355488839
2024-07-23 19:12:55.6970,-0.157,-0.428,-0.342,2.52,-3.3,-3.88,49.27925454902959,-122.90310825323078,336.8446089895442,0.5072882355488839
2024-07-23 19:12:55.7060,-0.183,-0.64,-0.256,3.46,0.46,-5.22,49.27925454902959,-122.90310825323078,336.8446089895442,0.5072882355488839
2024-07-23 19:12:55.7170,-0.092,-0.805,-0.256,3.46,0.46,-5.22,49.27925454902959,-122.90310825323078,336.8446089895442,0.5072882355488839
2024-07-23 19:12:55.7270,0.088,-0.863,-0.566,2.6,2.15,-5.26,49.27925454902959,-122.90310825323078,336.8446089895442,0.5072882355488839
2024-07-23 19:12:55.7360,0.236,-0.749,-1.105,0.89,2.81,-2.27,49.27925454902959,-122.90310825323078,336.8446089895442,0.5072882355488839
2024-07-23 19:12:55.7460,0.224,-0.557,-1.665,-0.62,0.0,8.33,49.27925454902959,-122.90310825323078,336.8446089895442,0.5072882355488839
2024-07-23 19:12:55.7560,0.213,-0.414,-1.742,-0.62,0.0,8.33,49.27925454902959,-122.90310825323078,336.8446089895442,0.5072882355488839
2024-07-23 19:12:55.7670,0.24,-0.415,-1.293,-0.79,-1.35,9.0,49.27925454902959,-122.90310825323078,336.8446089895442,0.5072882355488839
2024-07-23 19:12:55.7770,0.188,-0.479,-0.831,-1.38,-1.31,4.54,49.27925454902959,-122.90310825323078,336.8446089895442,0.5072882355488839
2024-07-23 19:12:55.7870,0.096,-0.484,-0.483,-1.17,-0.66,-3.4862409496307376,49.27925454902959,-122.90310825323078,336.8446089895442,0.5072882355488839
2024-07-23 19:12:55.7970,-0.016,-0.55,-0.345,-0.5,-0.59,-3.49,49.27925454902959,-122.90310825323078,336.8446089895442,0.5072882355488839
2024-07-23 19:12:55.8070,-0.089,-0.631,-0.483,0.45,0.1,-4.88,49.27925454902959,-122.90310825323078,336.8446089895442,0.5072882355488839
2024-07-23 19:12:55.8180,-0.063,-0.594,-0.822,1.07,0.98,-3.58,49.27925454902959,-122.90310825323078,336.8446089895442,0.5072882355488839
2024-07-23 19:12:55.8270,0.023,-0.475,-1.19,0.75,0.74,-0.33,49.27925454902959,-122.90310825323078,336.8446089895442,0.5072882355488839
2024-07-23 19:12:55.8380,0.091,-0.376,-1.479,-0.18,-0.27,3.19,49.27925454902959,-122.90310825323078,336.8446089895442,0.5072882355488839
2024-07-23 19:12:55.8470,0.124,-0.288,-1.641,-0.96,-1.05,5.92,49.27925454902959,-122.90310825323078,336.8446089895442,0.5072882355488839
2024-07-23 19:12:55.8570,0.109,-0.249,-1.658,-1.43,-1.72,7.4,49.27925454902959,-122.90310825323078,336.8446089895442,0.5072882355488839
2024-07-23 19:12:55.8680,0.065,-0.289,-1.627,-1.43,-1.9,7.47,49.27925454902959,-122.90310825323078,336.8446089895442,0.5072882355488839
2024-07-23 19:12:55.8770,0.004,-0.374,-1.646,-1.14,-1.31,7.07,49.27925454902959,-122.90310825323078,336.8446089895442,0.5072882355488839
2024-07-23 19:12:55.8880,-0.067,-0.464,-1.657,-0.65,-0.3,7.19,49.27925454902959,-122.90310825323078,336.8446089895442,0.5072882355488839
2024-07-23 19:12:55.8980,-0.136,-0.529,-1.645,0.54,1.48,7.08,49.27925454902959,-122.90310825323078,336.8446089895442,0.5072882355488839
2024-07-23 19:12:55.9080,-0.186,-0.542,-1.614,0.54,1.48,7.08,49.27925454902959,-122.90310825323078,336.8446089895442,0.5072882355488839
2024-07-23 19:12:55.9180,-0.207,-0.536,-1.587,1.22,1.67,6.46,49.27925454902959,-122.90310825323078,336.8446089895442,0.5072882355488839
2024-07-23 19:12:55.9280,-0.196,-0.552,-1.652,1.22,1.67,6.46,49.27925454902959,-122.90310825323078,336.8446089895442,0.5072882355488839
2024-07-23 19:12:55.9380,-0.146,-0.595,-1.836,1.19,1.84,7.09,49.27925454902959,-122.90310825323078,336.8446089895442,0.5072882355488839
2024-07-23 19:12:55.9480,-0.054,-0.669,-2.038,0.8,2.27,8.89,49.27925454902959,-122.90310825323078,336.8446089895442,0.5072882355488839
2024-07-23 19:12:55.9580,0.03,-0.774,-2.215,-0.01,3.0,10.87,49.27925454902959,-122.90310825323078,336.8446089895442,0.5072882355488839
2024-07-23 19:12:55.9690,0.065,-0.876,-2.324,-0.76,4.03,12.59,49.27925454902959,-122.90310825323078,336.8446089895442,0.5072882355488839
2024-07-23 19:12:55.9800,0.046,-0.952,-2.346,-1.08,5.05,13.66,49.27925454902959,-122.90310825323078,336.8446089895442,0.5072882355488839
2024-07-23 19:12:55.9900,0.001,-0.998,-2.296,-0.89,5.83,13.86,49.27925454902959,-122.90310825323078,336.8446089895442,0.5072882355488839
2024-07-23 19:12:56.0000,-0.064,-1.026,-2.214,-0.45,6.33,13.35,49.27925454902959,-122.90310825323078,336.8446089895442,0.5072882355488839
2024-07-23 19:12:56.0090,-0.12,-1.059,-2.137,0.17,6.67,12.52,49.27925454902959,-122.90310825323078,336.8446089895442,0.5072882355488839
2024-07-23 19:12:56.0200,-0.105,-1.055,-2.12,0.76,7.07,11.73,49.27925454902959,-122.90310825323078,336.8446089895442,0.5072882355488839
2024-07-23 19:12:56.0300,-0.014,-0.998,-2.273,0.69,7.13,11.53,49.27925454902959,-122.90310825323078,336.8446089895442,0.5072882355488839
2024-07-23 19:12:56.0400,0.125,-0.844,-2.627,-0.1,6.69,12.99,49.27925454902959,-122.90310825323078,336.8446089895442,0.5072882355488839
2024-07-23 19:12:56.0500,0.263,-0.635,-2.979,-1.37,5.29,16.43,49.27925454902959,-122.90310825323078,336.8446089895442,0.5072882355488839
2024-07-23 19:12:56.0600,0.307,-0.513,-3.134,-3.09,2.1,21.38,49.27925454902959,-122.90310825323078,336.8446089895442,0.5072882355488839
2024-07-23 19:12:56.0700,0.286,-0.5,-2.981,-3.09,2.1,21.38,49.27925454902959,-122.90310825323078,336.8446089895442,0.5072882355488839
2024-07-23 19:12:56.0810,0.237,-0.587,-2.664,-2.9,1.88,19.9,49.27925454902959,-122.90310825323078,336.8446089895442,0.5072882355488839
2024-07-23 19:12:56.0910,0.212,-0.691,-2.334,-2.42,2.57,16.85,49.27925454902959,-122.90310825323078,336.8446089895442,0.5072882355488839
2024-07-23 19:12:56.1010,0.179,-0.771,-2.049,-2.14,3.39,13.68,49.27925454902959,-122.90310825323078,336.8446089895442,0.5072882355488839
2024-07-23 19:12:56.1100,0.149,-0.774,-1.89,-1.74,3.97,10.97,49.27925454902959,-122.90310825323078,336.8446089895442,0.5072882355488839
2024-07-23 19:12:56.1190,0.183,-0.7,-1.825,-1.33,3.8,9.49,49.27925454902959,-122.90310825323078,336.8446089895442,0.5072882355488839
2024-07-23 19:12:56.1290,0.263,-0.648,-1.833,-1.54,2.92,8.92,49.27925454902959,-122.90310825323078,336.8446089895442,0.5072882355488839
2024-07-23 19:12:56.1390,0.38,-0.628,-1.864,-2.18,2.28,9.06,49.27925454902959,-122.90310825323078,336.8446089895442,0.5072882355488839
2024-07-23 19:12:56.1530,0.473,-0.614,-1.942,-3.18,1.98,9.42,49.27925454902959,-122.90310825323078,336.8446089895442,0.5072882355488839
2024-07-23 19:12:56.1600,0.479,-0.653,-1.986,-3.9,2.06,10.72,49.27925454902959,-122.90310825323078,336.8446089895442,0.5072882355488839
2024-07-23 19:12:56.1700,0.467,-0.646,-1.961,-3.9,2.06,10.72,49.27925108834185,-122.90310539052601,336.9282649466768,0.0
2024-07-23 19:12:56.1800,0.405,-0.569,-1.904,-2.96,1.07,10.01,49.27925108834185,-122.90310539052601,336.9282649466768,0.0
2024-07-23 19:12:56.1890,0.302,-0.453,-1.777,-2.96,1.07,10.01,49.27925108834185,-122.90310539052601,336.9282649466768,0.0
2024-07-23 19:12:56.1990,0.184,-0.381,-1.575,-1.86,-0.17,8.84,49.27925108834185,-122.90310539052601,336.9282649466768,0.0
2024-07-23 19:12:56.2100,0.081,-0.398,-1.342,-0.61,-0.99,6.93,49.27925108834185,-122.90310539052601,336.9282649466768,0.0
2024-07-23 19:12:56.2200,0.041,-0.487,-1.055,1.03,-0.23,2.03,49.27925108834185,-122.90310539052601,336.9282649466768,0.0
2024-07-23 19:12:56.2310,0.047,-0.651,-0.759,1.03,-0.23,2.03,49.27925108834185,-122.90310539052601,336.9282649466768,0.0
2024-07-23 19:12:56.2400,0.1,-0.78,-0.515,1.14,1.22,-0.74,49.27925108834185,-122.90310539052601,336.9282649466768,0.0
2024-07-23 19:12:56.2510,0.154,-0.841,-0.387,0.8,2.31,-2.99,49.27925108834185,-122.90310539052601,336.9282649466768,0.0
2024-07-23 19:12:56.2620,0.084,-0.878,-0.354,1.28,2.97,-4.28,49.27925108834185,-122.90310539052601,336.9282649466768,0.0
2024-07-23 19:12:56.2700,0.015,-0.834,-0.319,2.06,2.47,-4.54,49.27925108834185,-122.90310539052601,336.9282649466768,0.0
2024-07-23 19:12:56.2810,-0.095,-0.705,-0.33,2.06,2.47,-4.54,49.27925108834185,-122.90310539052601,336.9282649466768,0.0
2024-07-23 19:12:56.2910,-0.206,-0.568,-0.27,4.27,-0.05,-5.08,49.27925108834185,-122.90310539052601,336.9282649466768,0.0
2024-07-23 19:12:56.3010,-0.273,-0.455,-0.195,4.27,-0.05,-5.08,49.27925108834185,-122.90310539052601,336.9282649466768,0.0
2024-07-23 19:12:56.3110,-0.304,-0.331,-0.143,4.91,-1.03,-5.9,49.27925108834185,-122.90310539052601,336.9282649466768,0.0
2024-07-23 19:12:56.3210,-0.364,-0.224,-0.086,5.17,-2.12,-6.52,49.27925108834185,-122.90310539052601,336.9282649466768,0.0
2024-07-23 19:12:56.3310,-0.427,-0.09,0.019,5.7,-3.07,-7.16,49.27925108834185,-122.90310539052601,336.9282649466768,0.0
2024-07-23 19:12:56.3410,-0.441,0.096,0.129,6.28,-4.33,-8.24,49.27925108834185,-122.90310539052601,336.9282649466768,0.0
2024-07-23 19:12:56.3510,-0.409,0.253,0.202,6.39,-6.14,-9.33,49.27925108834185,-122.90310539052601,336.9282649466768,0.0
2024-07-23 19:12:56.3620,-0.327,0.349,0.285,6.09,-7.72,-10.02,49.27925108834185,-122.90310539052601,336.9282649466768,0.0
2024-07-23 19:12:56.3710,-0.246,0.413,0.35,5.33,-8.73,-10.77,49.27925108834185,-122.90310539052601,336.9282649466768,0.0
2024-07-23 19:12:56.3810,-0.21,0.376,0.357,4.37,-9.14,-11.33,49.27925108834185,-122.90310539052601,336.9282649466768,0.0
2024-07-23 19:12:56.3920,-0.177,0.258,0.354,4.37,-9.14,-11.33,49.27925108834185,-122.90310539052601,336.9282649466768,0.0
2024-07-23 19:12:56.4020,-0.144,0.127,0.306,4.16,-8.03,-11.24,49.27925108834185,-122.90310539052601,336.9282649466768,0.0
2024-07-23 19:12:56.4120,-0.099,0.016,0.214,3.97,-6.76,-10.72,49.27925108834185,-122.90310539052601,336.9282649466768,0.0
2024-07-23 19:12:56.4210,-0.057,-0.09,0.089,3.66,-5.66,-9.77,49.27925108834185,-122.90310539052601,336.9282649466768,0.0
2024-07-23 19:12:56.4320,-0.023,-0.174,-0.028,3.35,-4.59,-8.53,49.27925108834185,-122.90310539052601,336.9282649466768,0.0
2024-07-23 19:12:56.4430,0.002,-0.24,-0.107,3.11,-3.71,-7.38,49.27925108834185,-122.90310539052601,336.9282649466768,0.0
2024-07-23 19:12:56.4520,0.006,-0.295,-0.116,2.93,-3.03,-6.6,49.27925108834185,-122.90310539052601,336.9282649466768,0.0
2024-07-23 19:12:56.4620,-0.007,-0.312,-0.094,2.95,-2.46,-6.52,49.27925108834185,-122.90310539052601,336.9282649466768,0.0
2024-07-23 19:12:56.4720,-0.026,-0.304,-0.073,3.11,-2.29,-6.72,49.27925108834185,-122.90310539052601,336.9282649466768,0.0
2024-07-23 19:12:56.4820,-0.041,-0.29,-0.042,3.51,-2.54,-7.18,49.27925108834185,-122.90310539052601,336.9282649466768,0.0
2024-07-23 19:12:56.4920,-0.05,-0.262,-0.013,3.51,-2.54,-7.18,49.27925108834185,-122.90310539052601,336.9282649466768,0.0
2024-07-23 19:12:56.5020,-0.047,-0.224,0.0,3.63,-2.85,-7.42,49.27925108834185,-122.90310539052601,336.9282649466768,0.0
2024-07-23 19:12:56.5120,-0.04,-0.202,-0.017,3.65,-3.26,-7.51,49.27925108834185,-122.90310539052601,336.9282649466768,0.0
2024-07-23 19:12:56.5220,-0.02,-0.203,-0.055,3.62,-3.52,-7.3,49.27925108834185,-122.90310539052601,336.9282649466768,0.0
2024-07-23 19:12:56.5320,0.014,-0.222,-0.101,3.48,-3.53,-6.88,49.27925108834185,-122.90310539052601,336.9282649466768,0.0
2024-07-23 19:12:56.5430,0.043,-0.253,-0.158,3.19,-3.36,-6.39,49.27925108834185,-122.90310539052601,336.9282649466768,0.0
2024-07-23 19:12:56.5520,0.066,-0.26,-0.227,2.74,-2.98,-5.14,49.27925108834185,-122.90310539052601,336.9282649466768,0.0
2024-07-23 19:12:56.5630,0.082,-0.241,-0.291,2.74,-2.98,-5.14,49.27925108834185,-122.90310539052601,336.9282649466768,0.0
2024-07-23 19:12:56.5740,0.088,-0.216,-0.342,2.52,-3.35,-4.06,49.27925108834185,-122.90310539052601,336.9282649466768,0.0
2024-07-23 19:12:56.5830,0.075,-0.191,-0.367,2.52,-3.35,-4.06,49.27925108834185,-122.90310539052601,336.9282649466768,0.0
2024-07-23 19:12:56.5920,0.056,-0.167,-0.351,2.76,-3.77,-4.05,49.27925108834185,-122.90310539052601,336.9282649466768,0.0
2024-07-23 19:12:56.6030,0.045,-0.151,-0.315,2.76,-3.77,-4.05,49.27925108834185,-122.90310539052601,336.9282649466768,0.0
2024-07-23 19:12:56.6130,0.035,-0.139,-0.281,2.87,-4.03,-4.79,49.27925108834185,-122.90310539052601,336.9282649466768,0.0
2024-07-23 19:12:56.6230,0.035,-0.134,-0.249,2.87,-4.03,-4.79,49.27925108834185,-122.90310539052601,336.9282649466768,0.0
2024-07-23 19:12:56.6330,0.035,-0.14,-0.229,2.82,-4.09,-5.11,49.27925108834185,-122.90310539052601,336.9282649466768,0.0
2024-07-23 19:12:56.6430,0.035,-0.146,-0.218,2.78,-4.05,-5.31,49.27925108834185,-122.90310539052601,336.9282649466768,0.0
2024-07-23 19:12:56.6530,0.031,-0.14,-0.214,2.73,-4.02,-5.42,49.27925108834185,-122.90310539052601,336.9282649466768,0.0
2024-07-23 19:12:56.6630,0.028,-0.135,-0.208,2.72,-4.11,-5.49977059006691,49.27925108834185,-122.90310539052601,336.9282649466768,0.0
2024-07-23 19:12:56.6740,0.031,-0.136,-0.204,2.69,-4.2,-5.5,49.27925108834185,-122.90310539052601,336.9282649466768,0.0
2024-07-23 19:12:56.6840,0.021,-0.137,-0.192,2.6,-4.23,-5.55,49.27925108834185,-122.90310539052601,336.9282649466768,0.0
2024-07-23 19:12:56.6940,0.007,-0.141,-0.151,2.69,-4.27,-6.06,49.27925108834185,-122.90310539052601,336.9282649466768,0.0
2024-07-23 19:12:56.7040,-0.008,-0.16,-0.101,2.69,-4.27,-6.06,49.27925108834185,-122.90310539052601,336.9282649466768,0.0
2024-07-23 19:12:56.7140,-0.016,-0.191,-0.078,2.76,-4.13,-6.54,49.27925108834185,-122.90310539052601,336.9282649466768,0.0
2024-07-23 19:12:56.7240,-0.013,-0.219,-0.092,2.75,-3.87,-6.75,49.27925108834185,-122.90310539052601,336.9282649466768,0.0
2024-07-23 19:12:56.7340,-0.007,-0.253,-0.139,2.53,-3.35,-6.14,49.27925108834185,-122.90310539052601,336.9282649466768,0.0
2024-07-23 19:12:56.7450,0.007,-0.285,-0.212,2.33,-3.06,-5.42,49.27925108834185,-122.90310539052601,336.9282649466768,0.0
2024-07-23 19:12:56.7540,0.037,-0.303,-0.332,2.33,-3.06,-5.42,49.27925108834185,-122.90310539052601,336.9282649466768,0.0
2024-07-23 19:12:56.7640,0.07,-0.313,-0.505,1.52,-2.82,-2.59,49.27925108834185,-122.90310539052601,336.9282649466768,0.0
2024-07-23 19:12:56.7750,0.082,-0.311,-0.684,1.52,-2.82,-2.59,49.27925108834185,-122.90310539052601,336.9282649466768,0.0
2024-07-23 19:12:56.7840,0.11,-0.311,-0.818,0.81,-2.84,0.4,49.27925108834185,-122.90310539052601,336.9282649466768,0.0
2024-07-23 19:12:56.7950,0.163,-0.324,-0.89,0.81,-2.84,0.4,49.27925108834185,-122.90310539052601,336.9282649466768,0.0
2024-07-23 19:12:56.8050,0.174,-0.464,-0.891,0.11,-2.72,1.07,49.27925108834185,-122.90310539052601,336.9282649466768,0.0
2024-07-23 19:12:56.8150,0.193,-0.677,-0.822,-0.18,-1.36,1.06,49.27925108834185,-122.90310539052601,336.9282649466768,0.0
2024-07-23 19:12:56.8250,0.176,-0.797,-0.709,-0.53,0.7,0.37,49.27925108834185,-122.90310539052601,336.9282649466768,0.0
2024-07-23 19:12:56.8350,0.09,-0.865,-0.692,-0.52,1.86,-0.75,49.27925108834185,-122.90310539052601,336.9282649466768,0.0
2024-07-23 19:12:56.8450,-0.025,-0.83,-0.895,0.2,2.51,-0.93,49.27925108834185,-122.90310539052601,336.9282649466768,0.0
2024-07-23 19:12:56.8550,-0.013,-0.504,-1.288,1.2,2.19,1.03,49.27925108834185,-122.90310539052601,336.9282649466768,0.0
2024-07-23 19:12:56.8650,-0.003,-0.13,-1.575,0.9,-0.94,4.81,49.27925108834185,-122.90310539052601,336.9282649466768,0.0
2024-07-23 19:12:56.8750,-0.053,-0.005,-1.372,0.56,-4.5,7.53,49.27925108834185,-122.90310539052601,336.9282649466768,0.0
2024-07-23 19:12:56.8850,-0.07,-0.121,-0.958,0.81,-5.6,5.44,49.27925108834185,-122.90310539052601,336.9282649466768,0.0
2024-07-23 19:12:56.8950,-0.066,-0.258,-0.761,0.81,-4.3,1.27,49.27925108834185,-122.90310539052601,336.9282649466768,0.0
2024-07-23 19:12:56.9070,0.024,-0.452,-0.84,0.69,-2.81,-0.77,49.27925108834185,-122.90310539052601,336.9282649466768,0.0
2024-07-23 19:12:56.9150,0.148,-0.729,-1.04,-0.23,-0.77,-0.09,49.27925108834185,-122.90310539052601,336.9282649466768,0.0
2024-07-23 19:12:56.9260,0.201,-0.938,-1.222,-1.97,4.22,3.54,49.27925108834185,-122.90310539052601,336.9282649466768,0.0
2024-07-23 19:12:56.9360,0.179,-1.018,-1.403,-1.97,4.22,3.54,49.27925108834185,-122.90310539052601,336.9282649466768,0.0
2024-07-23 19:12:56.9460,0.142,-0.974,-1.618,-1.36,4.74,7.32,49.27925108834185,-122.90310539052601,336.9282649466768,0.0
2024-07-23 19:12:56.9560,0.12,-0.876,-1.88,-1.36,4.74,7.32,49.27925108834185,-122.90310539052601,336.9282649466768,0.0
2024-07-23 19:12:56.9660,0.107,-0.817,-2.158,-1.14,3.88,9.83,49.27925108834185,-122.90310539052601,336.9282649466768,0.0
2024-07-23 19:12:56.9760,0.114,-0.798,-2.378,-1.02,3.44,12.49,49.27925108834185,-122.90310539052601,336.9282649466768,0.0
2024-07-23 19:12:56.9870,0.123,-0.827,-2.469,-1.15,3.39,14.57,49.27925108834185,-122.90310539052601,336.9282649466768,0.0
2024-07-23 19:12:56.9970,0.092,-0.926,-2.4,-1.12,4.92,14.66,49.27925108834185,-122.90310539052601,336.9282649466768,0.0
2024-07-23 19:12:57.0090,0.019,-1.03,-2.273,-1.12,4.92,14.66,49.27925108834185,-122.90310539052601,336.9282649466768,0.0
2024-07-23 19:12:57.0180,-0.06,-1.103,-2.175,-0.49,6.05,13.37,49.27925108834185,-122.90310539052601,336.9282649466768,0.0
2024-07-23 19:12:57.0270,-0.096,-1.161,-2.133,0.25,7.411112535595894,11.958873971700669,49.27925108834185,-122.90310539052601,336.9282649466768,0.0
2024-07-23 19:12:57.0370,-0.075,-1.218,-2.206,0.5163727671280504,7.960786474943162,12.68,49.27925108834185,-122.90310539052601,336.9282649466768,0.0
2024-07-23 19:12:57.0470,-0.001,-1.249,-2.399,0.51,7.96,12.68,49.27925108834185,-122.90310539052601,336.9282649466768,0.0
2024-07-23 19:12:57.0570,0.108,-1.258,-2.628,-1.07,8.27,16.85,49.27925108834185,-122.90310539052601,336.9282649466768,0.0
2024-07-23 19:12:57.0670,0.209,-1.268,-2.839,-1.07,8.27,16.85,49.27925108834185,-122.90310539052601,336.9282649466768,0.0
2024-07-23 19:12:57.0770,0.268,-1.267,-2.997,-2.51,8.32,20.49,49.27925108834185,-122.90310539052601,336.9282649466768,0.0
2024-07-23 19:12:57.0880,0.304,-1.231,-3.025,-2.51,8.32,20.49,49.27925108834185,-122.90310539052601,336.9282649466768,0.0
2024-07-23 19:12:57.0980,0.33,-1.176,-2.956,-2.85,7.95,20.76,49.27925108834185,-122.90310539052601,336.9282649466768,0.0
2024-07-23 19:12:57.1080,0.361,-1.105,-2.81,-3.4,6.65,18.7,49.27925108834185,-122.90310539052601,336.9282649466768,0.0
2024-07-23 19:12:57.1180,0.368,-1.029,-2.631,-3.4,6.65,18.7,49.27925108834185,-122.90310539052601,336.9282649466768,0.0
2024-07-23 19:12:57.1270,0.352,-0.943,-2.461,-3.46,5.82,16.98,49.27925108834185,-122.90310539052601,336.9282649466768,0.0
2024-07-23 19:12:57.1380,0.332,-0.821,-2.306,-3.28,4.87,15.36,49.27925108834185,-122.90310539052601,336.9282649466768,0.0
2024-07-23 19:12:57.1490,0.325,-0.685,-2.147,-2.92,2.11,12.39,49.27925108834185,-122.90310539052601,336.9282649466768,0.0
2024-07-23 19:12:57.1580,0.345,-0.622,-2.026,-2.92,2.11,12.39,49.27925108834185,-122.90310539052601,336.9282649466768,0.0
2024-07-23 19:12:57.1680,0.378,-0.633,-1.936,-3.05,1.39,11.27,49.27925108834185,-122.90310539052601,336.9282649466768,0.0
2024-07-23 19:12:57.1810,0.402,-0.672,-1.835,-3.29,1.39,10.45,49.279253794337414,-122.90311287063405,336.5198813006282,0.0
2024-07-23 19:12:57.1870,0.38,-0.688,-1.668,-3.44,1.67,9.52,49.279253794337414,-122.90311287063405,336.5198813006282,0.0
2024-07-23 19:12:57.1970,0.32,-0.646,-1.494,-3.13,1.7,7.96,49.279253794337414,-122.90311287063405,336.5198813006282,0.0
2024-07-23 19:12:57.2070,0.233,-0.584,-1.302,-2.45,1.16,6.34,49.279253794337414,-122.90311287063405,336.5198813006282,0.0
2024-07-23 19:12:57.2180,0.152,-0.548,-1.075,-0.53,-0.08,2.44,49.279253794337414,-122.90311287063405,336.5198813006282,0.0
2024-07-23 19:12:57.2280,0.099,-0.525,-0.87,-0.53,-0.08,2.44,49.279253794337414,-122.90311287063405,336.5198813006282,0.0
2024-07-23 19:12:57.2370,0.077,-0.529,-0.702,0.17,-0.44,0.55,49.279253794337414,-122.90311287063405,336.5198813006282,0.0
2024-07-23 19:12:57.2480,0.086,-0.548,-0.552,0.77,-0.51,-2.27,49.279253794337414,-122.90311287063405,336.5198813006282,0.0
2024-07-23 19:12:57.2580,0.082,-0.564,-0.436,0.77,-0.51,-2.27,49.279253794337414,-122.90311287063405,336.5198813006282,0.0
2024-07-23 19:12:57.2680,0.059,-0.604,-0.348,1.58,-0.24,-3.91,49.279253794337414,-122.90311287063405,336.5198813006282,0.0
2024-07-23 19:12:57.2780,0.072,-0.635,-0.283,1.58,-0.24,-3.91,49.279253794337414,-122.90311287063405,336.5198813006282,0.0
2024-07-23 19:12:57.2880,0.095,-0.635,-0.264,1.72,-0.07,-4.35,49.279253794337414,-122.90311287063405,336.5198813006282,0.0
2024-07-23 19:12:57.2980,0.101,-0.572,-0.262,1.72,-0.19,-4.35,49.279253794337414,-122.90311287063405,336.5198813006282,0.0
2024-07-23 19:12:57.3090,0.072,-0.459,-0.23,2.2,-2.13,-4.37,49.279253794337414,-122.90311287063405,336.5198813006282,0.0
2024-07-23 19:12:57.3190,0.018,-0.311,-0.145,2.2,-2.13,-4.37,49.279253794337414,-122.90311287063405,336.5198813006282,0.0
2024-07-23 19:12:57.3290,-0.067,-0.137,-0.025,3.56,-5.37,-6.3,49.279253794337414,-122.90311287063405,336.5198813006282,0.0
2024-07-23 19:12:57.3390,-0.13,0.027,0.103,3.56,-5.37,-6.3,49.279253794337414,-122.90311287063405,336.5198813006282,0.0
2024-07-23 19:12:57.3480,-0.171,0.163,0.212,4.11,-6.94,-7.62,49.279253794337414,-122.90311287063405,336.5198813006282,0.0
2024-07-23 19:12:57.3590,-0.173,0.246,0.294,4.45,-8.2,-8.8,49.279253794337414,-122.90311287063405,336.5198813006282,0.0
2024-07-23 19:12:57.3690,-0.153,0.275,0.314,4.42,-8.9,-9.73,49.279253794337414,-122.90311287063405,336.5198813006282,0.0
2024-07-23 19:12:57.3790,-0.141,0.243,0.285,4.18,-9.07,-10.06,49.279253794337414,-122.90311287063405,336.5198813006282,0.0
2024-07-23 19:12:57.3890,-0.129,0.198,0.268,3.87,-8.12,-9.8,49.279253794337414,-122.90311287063405,336.5198813006282,0.0
2024-07-23 19:12:57.3990,-0.13,0.153,0.267,3.85,-7.62,-9.85,49.279253794337414,-122.90311287063405,336.5198813006282,0.0
2024-07-23 19:12:57.4100,-0.139,0.102,0.282,3.85,-7.62,-9.85,49.279253794337414,-122.90311287063405,336.5198813006282,0.0
2024-07-23 19:12:57.4190,-0.141,0.064,0.274,3.93,-7.07,-10.03,49.279253794337414,-122.90311287063405,336.5198813006282,0.0
2024-07-23 19:12:57.4290,-0.145,0.055,0.24,4.03,-6.54,-9.67,49.279253794337414,-122.90311287063405,336.5198813006282,0.0
2024-07-23 19:12:57.4390,-0.151,0.054,0.196,4.03,-6.54,-9.67,49.279253794337414,-122.90311287063405,336.5198813006282,0.0
2024-07-23 19:12:57.4490,-0.159,0.051,0.13,4.13,-6.48,-9.27,49.279253794337414,-122.90311287063405,336.5198813006282,0.0
2024-07-23 19:12:57.4590,-0.16,0.026,0.032,4.25,-6.36,-8.67,49.279253794337414,-122.90311287063405,336.5198813006282,0.0
2024-07-23 19:12:57.4700,-0.151,-0.036,-0.087,4.31,-6.01,-7.77,49.279253794337414,-122.90311287063405,336.5198813006282,0.0
2024-07-23 19:12:57.4800,-0.134,-0.115,-0.198,4.28,-5.28,-6.69,49.279253794337414,-122.90311287063405,336.5198813006282,0.0
2024-07-23 19:12:57.4900,-0.105,-0.169,-0.285,4.16,-4.38,-5.67,49.279253794337414,-122.90311287063405,336.5198813006282,0.0
2024-07-23 19:12:57.4990,-0.072,-0.191,-0.338,3.91,-3.75,-4.88,49.279253794337414,-122.90311287063405,336.5198813006282,0.0
2024-07-23 19:12:57.5100,-0.045,-0.188,-0.343,3.61,-3.44,-4.41,49.279253794337414,-122.90311287063405,336.5198813006282,0.0
2024-07-23 19:12:57.5200,-0.04,-0.174,-0.321,3.36,-3.41,-4.39,49.279253794337414,-122.90311287063405,336.5198813006282,0.0
2024-07-23 19:12:57.5300,-0.049,-0.147,-0.286,3.33,-3.51,-4.63,49.279253794337414,-122.90311287063405,336.5198813006282,0.0
2024-07-23 19:12:57.5400,-0.054,-0.118,-0.259,3.44,-3.76,-4.98,49.279253794337414,-122.90311287063405,336.5198813006282,0.0
2024-07-23 19:12:57.5500,-0.052,-0.114,-0.275,3.52,-4.03,-5.23,49.279253794337414,-122.90311287063405,336.5198813006282,0.0
2024-07-23 19:12:57.5600,-0.04,-0.12,-0.333,3.5,-4.01,-4.46,49.279253794337414,-122.90311287063405,336.5198813006282,0.0
2024-07-23 19:12:57.5700,-0.015,-0.139,-0.423,3.5,-4.01,-4.46,49.279253794337414,-122.90311287063405,336.5198813006282,0.0
2024-07-23 19:12:57.5800,0.01,-0.163,-0.5,3.11,-3.58,-2.79,49.279253794337414,-122.90311287063405,336.5198813006282,0.0
2024-07-23 19:12:57.5900,0.029,-0.173,-0.535,3.11,-3.58,-2.79,49.279253794337414,-122.90311287063405,336.5198813006282,0.0
2024-07-23 19:12:57.6000,0.043,-0.17,-0.524,2.94,-3.49,-2.43,49.279253794337414,-122.90311287063405,336.5198813006282,0.0
2024-07-23 19:12:57.6110,0.048,-0.165,-0.472,2.73,-3.61,-3.04,49.279253794337414,-122.90311287063405,336.5198813006282,0.0
2024-07-23 19:12:57.6200,0.036,-0.165,-0.392,2.73,-3.61,-3.04,49.279253794337414,-122.90311287063405,336.5198813006282,0.0
2024-07-23 19:12:57.6300,0.018,-0.155,-0.298,2.82,-3.65,-3.8,49.279253794337414,-122.90311287063405,336.5198813006282,0.0
2024-07-23 19:12:57.6400,0.011,-0.147,-0.218,2.96,-3.81,-4.7,49.279253794337414,-122.90311287063405,336.5198813006282,0.0
2024-07-23 19:12:57.6500,0.005,-0.142,-0.157,3.04,-4.08,-6.01,49.279253794337414,-122.90311287063405,336.5198813006282,0.0
2024-07-23 19:12:57.6610,-0.01,-0.142,-0.126,3.16,-4.15,-6.26,49.279253794337414,-122.90311287063405,336.5198813006282,0.0
2024-07-23 19:12:57.6710,-0.024,-0.142,-0.108,3.16,-4.15,-6.26,49.279253794337414,-122.90311287063405,336.5198813006282,0.0
2024-07-23 19:12:57.6810,-0.033,-0.153,-0.111,3.28,-4.23,-6.39,49.279253794337414,-122.90311287063405,336.5198813006282,0.0
2024-07-23 19:12:57.6910,-0.043,-0.163,-0.144,3.35,-4.18,-6.32,49.279253794337414,-122.90311287063405,336.5198813006282,0.0
2024-07-23 19:12:57.7010,-0.049,-0.18,-0.174,3.45,-3.99,-5.67,49.279253794337414,-122.90311287063405,336.5198813006282,0.0
2024-07-23 19:12:57.7110,-0.043,-0.224,-0.229,3.45,-3.99,-5.67,49.279253794337414,-122.90311287063405,336.5198813006282,0.0
2024-07-23 19:12:57.7210,-0.018,-0.27,-0.322,3.01,-3.09,-4.28,49.279253794337414,-122.90311287063405,336.5198813006282,0.0
2024-07-23 19:12:57.7310,0.005,-0.289,-0.428,3.01,-3.09,-4.28,49.279253794337414,-122.90311287063405,336.5198813006282,0.0
2024-07-23 19:12:57.7410,0.032,-0.316,-0.502,2.28,-2.6,-2.64,49.279253794337414,-122.90311287063405,336.5198813006282,0.0
2024-07-23 19:12:57.7510,0.072,-0.362,-0.54,2.28,-2.6,-2.64,49.279253794337414,-122.90311287063405,336.5198813006282,0.0
2024-07-23 19:12:57.7620,0.103,-0.413,-0.566,1.24,-1.6,-2.15,49.279253794337414,-122.90311287063405,336.5198813006282,0.0
2024-07-23 19:12:57.7710,0.097,-0.454,-0.6,1.24,-1.6,-2.15,49.279253794337414,-122.90311287063405,336.5198813006282,0.0
2024-07-23 19:12:57.7820,0.117,-0.453,-0.619,1.1,-1.19,-1.88,49.279253794337414,-122.90311287063405,336.5198813006282,0.0
2024-07-23 19:12:57.7920,0.132,-0.444,-0.662,0.7,-1.19,-1.76,49.279253794337414,-122.90311287063405,336.5198813006282,0.0
2024-07-23 19:12:57.8010,0.087,-0.505,-0.695,0.34,-1.27,-1.38,49.279253794337414,-122.90311287063405,336.5198813006282,0.0
2024-07-23 19:12:57.8120,0.051,-0.615,-0.681,0.58,-0.7,-1.08,49.279253794337414,-122.90311287063405,336.5198813006282,0.0
2024-07-23 19:12:57.8220,0.012,-0.751,-0.62,0.75,0.36,-1.23,49.279253794337414,-122.90311287063405,336.5198813006282,0.0
2024-07-23 19:12:57.8320,-0.001,-0.886,-0.583,0.99,1.65,-1.82,49.279253794337414,-122.90311287063405,336.5198813006282,0.0
2024-07-23 19:12:57.8420,0.074,-0.861,-0.771,1.02,2.96,-2.19,49.279253794337414,-122.90311287063405,336.5198813006282,0.0
2024-07-23 19:12:57.8520,0.149,-0.641,-1.136,0.18,2.7,-0.34,49.279253794337414,-122.90311287063405,336.5198813006282,0.0
2024-07-23 19:12:57.8620,0.14,-0.463,-1.252,-0.72,0.53,3.23,49.279253794337414,-122.90311287063405,336.5198813006282,0.0
2024-07-23 19:12:57.8730,0.106,-0.438,-1.007,-0.84,-1.22,4.35,49.279253794337414,-122.90311287063405,336.5198813006282,0.0
2024-07-23 19:12:57.8820,0.024,-0.508,-0.723,-0.74,-1.44,1.92,49.279253794337414,-122.90311287063405,336.5198813006282,0.0
2024-07-23 19:12:57.8930,-0.018,-0.544,-0.61,-0.13,-0.71,-0.91,49.279253794337414,-122.90311287063405,336.5198813006282,0.0
2024-07-23 19:12:57.9030,-0.019,-0.569,-0.683,0.0,0.02,-1.38,49.279253794337414,-122.90311287063405,336.5198813006282,0.0
2024-07-23 19:12:57.9130,-0.028,-0.638,-0.823,0.0,0.02,-1.38,49.279253794337414,-122.90311287063405,336.5198813006282,0.0
2024-07-23 19:12:57.9230,-0.043,-0.704,-0.938,0.0162627512589097,1.49,1.02,49.279253794337414,-122.90311287063405,336.5198813006282,0.0
2024-07-23 19:12:57.9330,-0.051,-0.738,-1.006,0.01,1.49,1.02,49.279253794337414,-122.90311287063405,336.5198813006282,0.0
2024-07-23 19:12:57.9430,-0.064,-0.73,-1.069,0.0,1.92,1.64,49.279253794337414,-122.90311287063405,336.5198813006282,0.0
2024-07-23 19:12:57.9530,-0.096,-0.73,-1.183,0.03,1.95,2.19,49.279253794337414,-122.90311287063405,336.5198813006282,0.0
2024-07-23 19:12:57.9630,-0.128,-0.759,-1.355,0.27,2.1,3.22,49.279253794337414,-122.90311287063405,336.5198813006282,0.0
2024-07-23 19:12:57.9740,-0.135,-0.746,-1.556,0.52,2.55,4.81,49.279253794337414,-122.90311287063405,336.5198813006282,0.0
2024-07-23 19:12:57.9830,-0.147,-0.736,-1.774,0.54,2.61,6.68,49.279253794337414,-122.90311287063405,336.5198813006282,0.0
2024-07-23 19:12:57.9930,-0.14,-0.731,-1.95,0.61,2.68,8.74,49.279253794337414,-122.90311287063405,336.5198813006282,0.0
2024-07-23 19:12:58.0030,-0.102,-0.709,-2.129,0.5,2.77,10.4,49.279253794337414,-122.90311287063405,336.5198813006282,0.0
2024-07-23 19:12:58.0140,-0.072,-0.681,-2.28,0.1,2.65,12.11,49.279253794337414,-122.90311287063405,336.5198813006282,0.0
2024-07-23 19:12:58.0250,-0.083,-0.74,-2.245,-0.23,2.42,13.57,49.279253794337414,-122.90311287063405,336.5198813006282,0.0
2024-07-23 19:12:58.0350,-0.133,-0.873,-2.166,-0.14,2.99,13.24,49.279253794337414,-122.90311287063405,336.5198813006282,0.0
2024-07-23 19:12:58.0450,-0.134,-0.964,-2.131,0.37,4.26,12.47,49.279253794337414,-122.90311287063405,336.5198813006282,0.0
2024-07-23 19:12:58.0550,-0.102,-1.042,-2.133,0.43,5.1,12.15,49.279253794337414,-122.90311287063405,336.5198813006282,0.0
2024-07-23 19:12:58.0650,-0.071,-1.126,-2.179,0.18,5.82,12.19,49.279253794337414,-122.90311287063405,336.5198813006282,0.0
2024-07-23 19:12:58.0750,-0.026,-1.157,-2.25,-0.04,6.62,12.64,49.279253794337414,-122.90311287063405,336.5198813006282,0.0
2024-07-23 19:12:58.0850,0.014,-1.159,-2.372,-0.42,6.94,13.33,49.279253794337414,-122.90311287063405,336.5198813006282,0.0
2024-07-23 19:12:58.0950,0.06,-1.106,-2.562,-0.75,7.02,14.49,49.279253794337414,-122.90311287063405,336.5198813006282,0.0
2024-07-23 19:12:58.1060,0.115,-1.045,-2.678,-1.16,6.6,16.3,49.279253794337414,-122.90311287063405,336.5198813006282,0.0
2024-07-23 19:12:58.1160,0.152,-1.008,-2.749,-1.68,6.12,17.38,49.279253794337414,-122.90311287063405,336.5198813006282,0.0
2024-07-23 19:12:58.1250,0.185,-0.965,-2.747,-2.03,5.87,18.03,49.279253794337414,-122.90311287063405,336.5198813006282,0.0
2024-07-23 19:12:58.1350,0.203,-0.93,-2.669,-2.35,5.52,17.97,49.279253794337414,-122.90311287063405,336.5198813006282,0.0
2024-07-23 19:12:58.1460,0.202,-0.923,-2.5,-2.52,5.2,17.2,49.279253794337414,-122.90311287063405,336.5198813006282,0.0
2024-07-23 19:12:58.1560,0.177,-0.952,-2.263,-2.5,5.08,15.57,49.279253794337414,-122.90311287063405,336.5198813006282,0.0
2024-07-23 19:12:58.1660,0.12,-0.965,-2.031,-2.23,5.26,13.28,49.279253794337414,-122.90311287063405,336.5198813006282,0.0
2024-07-23 19:12:58.1750,0.059,-0.935,-1.844,-1.61,5.26,11.06,49.279253794337414,-122.90311287063405,336.5198813006282,0.0
2024-07-23 19:12:58.1840,0.019,-0.905,-1.73,-0.94,4.85,9.28,49.279254921059994,-122.9031132476395,336.70654836297035,0.0
2024-07-23 19:12:58.1940,0.017,-0.875,-1.692,-0.46,4.47,8.21,49.279254921059994,-122.9031132476395,336.70654836297035,0.0
2024-07-23 19:12:58.2050,0.07,-0.836,-1.728,-0.33,4.14,7.85,49.279254921059994,-122.9031132476395,336.70654836297035,0.0
2024-07-23 19:12:58.2150,0.151,-0.795,-1.806,-0.74,3.76,8.2,49.279254921059994,-122.9031132476395,336.70654836297035,0.0
2024-07-23 19:12:58.2250,0.21,-0.744,-1.872,-1.43,2.929232262969017,9.586589584350586,49.279254921059994,-122.9031132476395,336.70654836297035,0.0
2024-07-23 19:12:58.2350,0.243,-0.679,-1.832,-1.92,2.92,9.58,49.279254921059994,-122.9031132476395,336.70654836297035,0.0
2024-07-23 19:12:58.2450,0.227,-0.619,-1.645,-2.16,2.27,9.2,49.279254921059994,-122.9031132476395,336.70654836297035,0.0
2024-07-23 19:12:58.2550,0.141,-0.555,-1.34,-1.92,1.61,7.4,49.279254921059994,-122.9031132476395,336.70654836297035,0.0
2024-07-23 19:12:58.2650,0.032,-0.476,-0.991,-0.96,0.83,4.49,49.279254921059994,-122.9031132476395,336.70654836297035,0.0
2024-07-23 19:12:58.2760,-0.028,-0.43,-0.658,0.28,-0.17,1.2,49.279254921059994,-122.9031132476395,336.70654836297035,0.0
2024-07-23 19:12:58.2860,-0.022,-0.5,-0.418,1.4,-0.47,-4.03,49.279254921059994,-122.9031132476395,336.70654836297035,0.0
2024-07-23 19:12:58.2960,0.032,-0.697,-0.361,1.24,1.24,-4.37,49.279254921059994,-122.9031132476395,336.70654836297035,0.0
2024-07-23 19:12:58.3060,0.101,-0.898,-0.524,0.92,3.08,-2.6,49.279254921059994,-122.9031132476395,336.70654836297035,0.0
2024-07-23 19:12:58.3160,0.142,-0.992,-0.841,0.92,3.08,-2.6,49.279254921059994,-122.9031132476395,336.70654836297035,0.0
2024-07-23 19:12:58.3260,0.124,-0.98,-1.14,0.78,3.96,0.61,49.279254921059994,-122.9031132476395,336.70654836297035,0.0
2024-07-23 19:12:58.3360,0.054,-0.896,-1.277,1.75,3.18,4.79,49.279254921059994,-122.9031132476395,336.70654836297035,0.0
2024-07-23 19:12:58.3460,-0.059,-0.76,-1.154,1.75,3.18,4.79,49.279254921059994,-122.9031132476395,336.70654836297035,0.0
2024-07-23 19:12:58.3560,-0.232,-0.59,-0.814,2.72,1.98,3.46,49.279254921059994,-122.9031132476395,336.70654836297035,0.0
2024-07-23 19:12:58.3660,-0.365,-0.353,-0.391,4.22,0.44,-0.01,49.279254921059994,-122.9031132476395,336.70654836297035,0.0
2024-07-23 19:12:58.3760,-0.467,-0.127,0.023,5.32,-1.79,-4.27,49.279254921059994,-122.9031132476395,336.70654836297035,0.0
2024-07-23 19:12:58.3860,-0.533,0.03,0.355,6.14,-3.94,-8.42,49.279254921059994,-122.9031132476395,336.70654836297035,0.0
2024-07-23 19:12:58.3960,-0.509,0.094,0.495,6.71,-5.44,-11.71,49.279254921059994,-122.9031132476395,336.70654836297035,0.0
2024-07-23 19:12:58.4060,-0.388,0.055,0.42,6.48,-6.05,-13.09,49.279254921059994,-122.9031132476395,336.70654836297035,0.0
2024-07-23 19:12:58.4170,-0.217,0.006,0.174,5.38,-5.66,-12.35,49.279254921059994,-122.9031132476395,336.70654836297035,0.0
2024-07-23 19:12:58.4270,-0.065,-0.027,-0.147,3.8,-5.18,-9.92,49.279254921059994,-122.9031132476395,336.70654836297035,0.0
2024-07-23 19:12:58.4370,0.01,-0.013,-0.432,2.39,-4.86,-6.75,49.279254921059994,-122.9031132476395,336.70654836297035,0.0
2024-07-23 19:12:58.4470,0.017,0.045,-0.578,1.67,-4.98,-3.96,49.279254921059994,-122.9031132476395,336.70654836297035,0.0
2024-07-23 19:12:58.4570,-0.02,0.1,-0.516,1.54,-5.52,-2.56,49.279254921059994,-122.9031132476395,336.70654836297035,0.0
2024-07-23 19:12:58.4670,-0.075,0.113,-0.296,1.77,-5.99,-3.23,49.279254921059994,-122.9031132476395,336.70654836297035,0.0
2024-07-23 19:12:58.4770,-0.106,0.09,-0.096,2.17,-6.03,-5.47,49.279254921059994,-122.9031132476395,336.70654836297035,0.0
2024-07-23 19:12:58.4870,-0.108,0.058,0.052,2.21,-5.28,-9.05,49.279254921059994,-122.9031132476395,336.70654836297035,0.0
2024-07-23 19:12:58.4970,-0.113,0.01,0.115,2.21,-5.28,-9.05,49.279254921059994,-122.9031132476395,336.70654836297035,0.0
2024-07-23 19:12:58.5070,-0.127,-0.036,0.111,2.23,-4.2,-9.73,49.279254921059994,-122.9031132476395,336.70654836297035,0.0
2024-07-23 19:12:58.5170,-0.141,-0.053,0.079,2.23,-4.2,-9.73,49.279254921059994,-122.9031132476395,336.70654836297035,0.0
2024-07-23 19:12:58.5270,-0.144,-0.063,0.034,2.33,-3.99,-9.44,49.279254921059994,-122.9031132476395,336.70654836297035,0.0
2024-07-23 19:12:58.5370,-0.133,-0.07,-0.003,2.33,-3.88,-9.01,49.279254921059994,-122.9031132476395,336.70654836297035,0.0
2024-07-23 19:12:58.5470,-0.118,-0.065,-0.02,2.19,-3.8,-8.65,49.279254921059994,-122.9031132476395,336.70654836297035,0.0
2024-07-23 19:12:58.5570,-0.102,-0.062,-0.006,2.03,-3.84,-8.49,49.279254921059994,-122.9031132476395,336.70654836297035,0.0
2024-07-23 19:12:58.5680,-0.09,-0.061,0.019,1.74,-3.88,-8.88,49.279254921059994,-122.9031132476395,336.70654836297035,0.0
2024-07-23 19:12:58.5780,-0.074,-0.057,0.038,1.74,-3.88,-8.88,49.279254921059994,-122.9031132476395,336.70654836297035,0.0
2024-07-23 19:12:58.5870,-0.056,-0.062,0.03,1.59,-3.9,-9.07,49.279254921059994,-122.9031132476395,336.70654836297035,0.0
2024-07-23 19:12:58.5980,-0.038,-0.075,-0.004,1.43,-3.83,-9.0,49.279254921059994,-122.9031132476395,336.70654836297035,0.0
2024-07-23 19:12:58.6080,-0.02,-0.078,-0.066,1.15,-3.63,-8.08,49.279254921059994,-122.9031132476395,336.70654836297035,0.0
2024-07-23 19:12:58.6180,-0.007,-0.071,-0.138,1.15,-3.63,-8.08,49.279254921059994,-122.9031132476395,336.70654836297035,0.0
2024-07-23 19:12:58.6280,0.0,-0.061,-0.194,1.06,-3.67,-7.38,49.279254921059994,-122.9031132476395,336.70654836297035,0.0
2024-07-23 19:12:58.6380,0.01,-0.047,-0.233,1.03,-3.74,-6.84,49.279254921059994,-122.9031132476395,336.70654836297035,0.0
2024-07-23 19:12:58.6480,0.026,-0.04,-0.256,0.98,-3.88,-6.45,49.279254921059994,-122.9031132476395,336.70654836297035,0.0
2024-07-23 19:12:58.6580,0.04,-0.044,-0.26,0.85,-3.97,-6.21,49.279254921059994,-122.9031132476395,336.70654836297035,0.0
2024-07-23 19:12:58.6680,0.047,-0.059,-0.245,0.75,-3.96,-6.16,49.279254921059994,-122.9031132476395,336.70654836297035,0.0
2024-07-23 19:12:58.6780,0.046,-0.081,-0.216,0.7,-3.87,-6.27,49.279254921059994,-122.9031132476395,336.70654836297035,0.0
2024-07-23 19:12:58.6880,0.036,-0.107,-0.171,0.72,-3.71,-6.53,49.279254921059994,-122.9031132476395,336.70654836297035,0.0
2024-07-23 19:12:58.6990,0.025,-0.131,-0.132,0.83,-3.51,-6.93,49.279254921059994,-122.9031132476395,336.70654836297035,0.0
2024-07-23 19:12:58.7090,0.017,-0.144,-0.104,1.032305458188057,-3.28,-7.52,49.279254921059994,-122.9031132476395,336.70654836297035,0.0
2024-07-23 19:12:58.7190,0.006,-0.152,-0.078,1.03,-3.28,-7.52,49.279254921059994,-122.9031132476395,336.70654836297035,0.0
2024-07-23 19:12:58.7290,-0.004,-0.146,-0.061,1.14,-3.27,-7.74,49.279254921059994,-122.9031132476395,336.70654836297035,0.0
2024-07-23 19:12:58.7390,-0.019,-0.137,-0.062,1.25,-3.39,-7.86,49.279254921059994,-122.9031132476395,336.70654836297035,0.0
2024-07-23 19:12:58.7490,-0.031,-0.131,-0.068,1.4,-3.55,-7.81,49.279254921059994,-122.9031132476395,336.70654836297035,0.0
2024-07-23 19:12:58.7590,-0.042,-0.135,-0.084,1.53,-3.68,-7.71,49.279254921059994,-122.9031132476395,336.70654836297035,0.0
2024-07-23 19:12:58.7690,-0.048,-0.147,-0.104,1.64,-3.7,-7.52,49.279254921059994,-122.9031132476395,336.70654836297035,0.0
2024-07-23 19:12:58.7790,-0.03,-0.18,-0.125,1.69,-3.64,-7.29,49.279254921059994,-122.9031132476395,336.70654836297035,0.0
2024-07-23 19:12:58.7890,-0.025,-0.215,-0.169,1.5,-3.37,-7.05,49.279254921059994,-122.9031132476395,336.70654836297035,0.0
2024-07-23 19:12:58.7990,-0.024,-0.235,-0.191,1.42,-3.09,-6.58,49.279254921059994,-122.9031132476395,336.70654836297035,0.0
2024-07-23 19:12:58.8100,-0.019,-0.253,-0.208,1.37,-2.96,-6.34,49.279254921059994,-122.9031132476395,336.70654836297035,0.0
2024-07-23 19:12:58.8200,-0.022,-0.26,-0.272,1.29,-2.85,-6.13,49.279254921059994,-122.9031132476395,336.70654836297035,0.0
2024-07-23 19:12:58.8290,-0.017,-0.256,-0.364,1.26,-2.82,-5.48,49.279254921059994,-122.9031132476395,336.70654836297035,0.0
2024-07-23 19:12:58.8400,-0.025,-0.266,-0.478,1.16,-2.89,-4.56,49.279254921059994,-122.9031132476395,336.70654836297035,0.0
2024-07-23 19:12:58.8500,0.001,-0.263,-0.587,1.16,-2.83,-3.44,49.279254921059994,-122.9031132476395,336.70654836297035,0.0
2024-07-23 19:12:58.8600,-0.009,-0.278,-0.744,0.82,-2.86,-0.8348145800828934,49.279254921059994,-122.9031132476395,336.70654836297035,0.0
2024-07-23 19:12:58.8700,0.011,-0.353,-0.832,0.82,-2.71,-0.84,49.279254921059994,-122.9031132476395,336.70654836297035,0.0
2024-07-23 19:12:58.8800,0.026,-0.467,-0.783,0.51,-1.98,0.01,49.279254921059994,-122.9031132476395,336.70654836297035,0.0
2024-07-23 19:12:58.8900,-0.079,-0.688,-0.753,0.29,-0.86,-0.47,49.279254921059994,-122.9031132476395,336.70654836297035,0.0
2024-07-23 19:12:58.9000,-0.139,-0.894,-0.953,1.3,1.29,-0.75,49.279254921059994,-122.9031132476395,336.70654836297035,0.0
2024-07-23 19:12:58.9100,-0.053,-0.797,-1.42,1.89,3.29,1.23,49.279254921059994,-122.9031132476395,336.70654836297035,0.0
2024-07-23 19:12:58.9200,0.066,-0.524,-1.882,1.02,2.3,5.83,49.279254921059994,-122.9031132476395,336.70654836297035,0.0
2024-07-23 19:12:58.9300,0.135,-0.363,-1.959,-0.25,-0.38,10.36,49.279254921059994,-122.9031132476395,336.70654836297035,0.0
2024-07-23 19:12:58.9400,0.141,-0.372,-1.678,-1.11,-1.94,11.1,49.279254921059994,-122.9031132476395,336.70654836297035,0.0
2024-07-23 19:12:58.9510,0.149,-0.419,-1.318,-1.35,-1.81,8.31,49.279254921059994,-122.9031132476395,336.70654836297035,0.0
2024-07-23 19:12:58.9600,0.137,-0.529,-1.081,-1.59,-1.27,4.72,49.279254921059994,-122.9031132476395,336.70654836297035,0.0
2024-07-23 19:12:58.9710,0.126,-0.698,-1.061,-1.56,-0.11,2.34,49.279254921059994,-122.9031132476395,336.70654836297035,0.0
2024-07-23 19:12:58.9810,0.174,-0.825,-1.21,-1.49,1.65,2.08,49.279254921059994,-122.9031132476395,336.70654836297035,0.0
2024-07-23 19:12:58.9910,0.223,-0.872,-1.422,-1.95,2.99,3.48,49.279254921059994,-122.9031132476395,336.70654836297035,0.0
2024-07-23 19:12:59.0010,0.261,-0.836,-1.605,-2.42,3.55,5.51,49.279254921059994,-122.9031132476395,336.70654836297035,0.0
2024-07-23 19:12:59.0110,0.265,-0.783,-1.771,-2.76,3.31,7.24,49.279254921059994,-122.9031132476395,336.70654836297035,0.0
2024-07-23 19:12:59.0210,0.243,-0.763,-1.958,-2.8,2.91,8.8,49.279254921059994,-122.9031132476395,336.70654836297035,0.0
2024-07-23 19:12:59.0310,0.226,-0.74,-2.099,-2.61,2.85,10.56,49.279254921059994,-122.9031132476395,336.70654836297035,0.0
2024-07-23 19:12:59.0420,0.181,-0.755,-2.159,-2.51,2.75,11.88,49.279254921059994,-122.9031132476395,336.70654836297035,0.0
2024-07-23 19:12:59.0520,0.122,-0.788,-2.116,-2.16,3.04,12.4,49.279254921059994,-122.9031132476395,336.70654836297035,0.0
2024-07-23 19:12:59.0630,0.041,-0.83,-1.999,-1.67,3.46,11.93,49.279254921059994,-122.9031132476395,336.70654836297035,0.0
2024-07-23 19:12:59.0720,-0.028,-0.903,-1.881,-0.96,3.95,10.75,49.279254921059994,-122.9031132476395,336.70654836297035,0.0
2024-07-23 19:12:59.0810,-0.066,-1.007,-1.773,-0.33,4.7,9.58,49.279254921059994,-122.9031132476395,336.70654836297035,0.0
2024-07-23 19:12:59.0910,-0.09,-1.141,-1.74,0.36,7.04,8.19,49.279254921059994,-122.9031132476395,336.70654836297035,0.0
2024-07-23 19:12:59.1020,-0.071,-1.247,-1.838,0.36,7.04,8.19,49.279254921059994,-122.9031132476395,336.70654836297035,0.0
2024-07-23 19:12:59.1120,0.024,-1.279,-2.082,0.29,8.08,9.15,49.279254921059994,-122.9031132476395,336.70654836297035,0.0
2024-07-23 19:12:59.1220,0.128,-1.238,-2.402,-0.5,8.42,11.52,49.279254921059994,-122.9031132476395,336.70654836297035,0.0
2024-07-23 19:12:59.1330,0.22,-1.183,-2.722,-1.41,8.07,14.64,49.279254921059994,-122.9031132476395,336.70654836297035,0.0
2024-07-23 19:12:59.1430,0.272,-1.13,-2.937,-2.25,7.59,17.74,49.279254921059994,-122.9031132476395,336.70654836297035,0.0
2024-07-23 19:12:59.1550,0.268,-1.112,-2.912,-2.78,7.13,19.83,49.279254921059994,-122.9031132476395,336.70654836297035,0.0
2024-07-23 19:12:59.1620,0.219,-1.136,-2.697,-2.78,6.99,19.57,49.279254921059994,-122.9031132476395,336.70654836297035,0.0
2024-07-23 19:12:59.1720,0.144,-1.103,-2.473,-1.67,6.89,15.28,49.27926047362202,-122.90312186862799,336.7453538905829,0.0
2024-07-23 19:12:59.1820,0.099,-0.997,-2.325,-1.67,6.89,15.28,49.27926047362202,-122.90312186862799,336.7453538905829,0.0
2024-07-23 19:12:59.1930,0.075,-0.893,-2.237,-1.23,5.79,13.84,49.27926047362202,-122.90312186862799,336.7453538905829,0.0
2024-07-23 19:12:59.2020,0.081,-0.816,-2.171,-0.97,4.69,13.02,49.27926047362202,-122.90312186862799,336.7453538905829,0.0
2024-07-23 19:12:59.2130,0.112,-0.768,-2.104,-0.99,3.86,12.4,49.27926047362202,-122.90312186862799,336.7453538905829,0.0
2024-07-23 19:12:59.2240,0.157,-0.765,-2.009,-1.26,3.31,11.77,49.27926047362202,-122.90312186862799,336.7453538905829,0.0
2024-07-23 19:12:59.2340,0.198,-0.815,-1.88,-1.66,3.22,10.87,49.27926047362202,-122.90312186862799,336.7453538905829,0.0
2024-07-23 19:12:59.2420,0.207,-0.865,-1.772,-2.0,3.67,9.63,49.27926047362202,-122.90312186862799,336.7453538905829,0.0
2024-07-23 19:12:59.2530,0.21,-0.867,-1.697,-2.0,4.08,8.61,49.27926047362202,-122.90312186862799,336.7453538905829,0.0
2024-07-23 19:12:59.2630,0.207,-0.828,-1.669,-1.9,4.02,7.92,49.27926047362202,-122.90312186862799,336.7453538905829,0.0
2024-07-23 19:12:59.2730,0.202,-0.755,-1.648,-1.72,3.55,7.7,49.27926047362202,-122.90312186862799,336.7453538905829,0.0
2024-07-23 19:12:59.2830,0.181,-0.679,-1.597,-1.49,2.73,7.55,49.27926047362202,-122.90312186862799,336.7453538905829,0.0
2024-07-23 19:12:59.2930,0.159,-0.608,-1.515,-0.67,1.07,6.4,49.27926047362202,-122.90312186862799,336.7453538905829,0.0
2024-07-23 19:12:59.3040,0.13,-0.547,-1.399,-0.18,0.34,5.36,49.27926047362202,-122.90312186862799,336.7453538905829,0.0
2024-07-23 19:12:59.3130,0.101,-0.518,-1.241,-0.18,0.34,5.36,49.27926047362202,-122.90312186862799,336.7453538905829,0.0
2024-07-23 19:12:59.3230,0.1,-0.529,-1.055,0.32,-0.09,3.93,49.27926047362202,-122.90312186862799,336.7453538905829,0.0
2024-07-23 19:12:59.3330,0.105,-0.589,-0.857,0.56,-0.12,2.24,49.27926047362202,-122.90312186862799,336.7453538905829,0.0
2024-07-23 19:12:59.3440,0.116,-0.67,-0.68,0.77,0.32,0.45,49.27926047362202,-122.90312186862799,336.7453538905829,0.0
2024-07-23 19:12:59.3540,0.121,-0.775,-0.582,0.9,0.98,-1.13,49.27926047362202,-122.90312186862799,336.7453538905829,0.0
2024-07-23 19:12:59.3640,0.107,-0.852,-0.568,1.41,2.55,-1.95,49.27926047362202,-122.90312186862799,336.7453538905829,0.0
2024-07-23 19:12:59.3740,0.063,-0.859,-0.577,1.41,2.55,-1.95,49.27926047362202,-122.90312186862799,336.7453538905829,0.0
2024-07-23 19:12:59.3840,-0.026,-0.787,-0.556,1.96,2.58,-1.79,49.27926047362202,-122.90312186862799,336.7453538905829,0.0
2024-07-23 19:12:59.3940,-0.129,-0.613,-0.506,2.86,1.88,-1.99,49.27926047362202,-122.90312186862799,336.7453538905829,0.0
2024-07-23 19:12:59.4040,-0.221,-0.358,-0.408,3.81,0.22,-2.54,49.27926047362202,-122.90312186862799,336.7453538905829,0.0
2024-07-23 19:12:59.4140,-0.293,-0.074,-0.267,5.12,-4.87,-5.12,49.27926047362202,-122.90312186862799,336.7453538905829,0.0
2024-07-23 19:12:59.4240,-0.336,0.174,-0.089,5.12,-4.87,-5.12,49.27926047362202,-122.90312186862799,336.7453538905829,0.0
2024-07-23 19:12:59.4340,-0.346,0.318,0.128,5.37,-7.22,-6.98,49.27926047362202,-122.90312186862799,336.7453538905829,0.0
2024-07-23 19:12:59.4440,-0.299,0.348,0.289,5.33,-8.61,-9.15,49.27926047362202,-122.90312186862799,336.7453538905829,0.0
2024-07-23 19:12:59.4540,-0.214,0.321,0.404,4.75,-8.96,-10.73,49.27926047362202,-122.90312186862799,336.7453538905829,0.0
2024-07-23 19:12:59.4640,-0.133,0.257,0.513,2.990636213421822,-8.3,-12.79,49.27926047362202,-122.90312186862799,336.7453538905829,0.0
2024-07-23 19:12:59.4750,-0.083,0.155,0.592,2.99,-8.3,-12.79,49.27926047362202,-122.90312186862799,336.7453538905829,0.0
2024-07-23 19:12:59.4840,-0.084,0.04,0.649,2.47,-7.43,-13.47,49.27926047362202,-122.90312186862799,336.7453538905829,0.0
2024-07-23 19:12:59.4950,-0.087,-0.042,0.642,2.47,-6.41,-13.94,49.27926047362202,-122.90312186862799,336.7453538905829,0.0
2024-07-23 19:12:59.5050,-0.066,-0.07,0.536,2.51,-5.68,-13.82,49.27926047362202,-122.90312186862799,336.7453538905829,0.0
2024-07-23 19:12:59.5150,-0.036,-0.075,0.362,2.33,-5.4,-12.78,49.27926047362202,-122.90312186862799,336.7453538905829,0.0
2024-07-23 19:12:59.5250,-0.002,-0.086,0.162,2.05,-5.3,-11.1,49.27926047362202,-122.90312186862799,336.7453538905829,0.0
2024-07-23 19:12:59.5350,0.015,-0.088,-0.01,1.72,-5.09,-9.22,49.27926047362202,-122.90312186862799,336.7453538905829,0.0
2024-07-23 19:12:59.5450,0.004,-0.076,-0.13,1.54,-4.94,-7.63,49.27926047362202,-122.90312186862799,336.7453538905829,0.0
2024-07-23 19:12:59.5550,-0.017,-0.068,-0.197,1.76,-4.86,-6.03,49.27926047362202,-122.90312186862799,336.7453538905829,0.0
2024-07-23 19:12:59.5650,-0.033,-0.067,-0.224,1.87,-4.74,-5.85,49.27926047362202,-122.90312186862799,336.7453538905829,0.0
2024-07-23 19:12:59.5750,-0.029,-0.072,-0.218,1.87,-4.74,-5.85,49.27926047362202,-122.90312186862799,336.7453538905829,0.0
2024-07-23 19:12:59.5850,-0.024,-0.103,-0.184,1.78,-4.59,-5.99,49.27926047362202,-122.90312186862799,336.7453538905829,0.0
2024-07-23 19:12:59.5950,-0.021,-0.139,-0.121,1.67,-4.21,-6.38,49.27926047362202,-122.90312186862799,336.7453538905829,0.0
2024-07-23 19:12:59.6050,-0.02,-0.163,-0.06,1.61,-3.83,-7.02,49.27926047362202,-122.90312186862799,336.7453538905829,0.0
2024-07-23 19:12:59.6160,-0.025,-0.166,-0.04,1.59,-3.59,-7.63,49.27926047362202,-122.90312186862799,336.7453538905829,0.0
2024-07-23 19:12:59.6260,-0.022,-0.162,-0.075,1.64,-3.61,-7.47,49.27926047362202,-122.90312186862799,336.7453538905829,0.0
2024-07-23 19:12:59.6360,-0.005,-0.16,-0.158,1.64,-3.61,-7.47,49.27926047362202,-122.90312186862799,336.7453538905829,0.0
2024-07-23 19:12:59.6460,0.011,-0.156,-0.246,1.5,-3.63,-6.65,49.27926047362202,-122.90312186862799,336.7453538905829,0.0
2024-07-23 19:12:59.6560,0.026,-0.146,-0.319,1.37,-3.65,-5.79,49.27926047362202,-122.90312186862799,336.7453538905829,0.0
2024-07-23 19:12:59.6660,0.041,-0.131,-0.378,1.07,-3.83,-4.54,49.27926047362202,-122.90312186862799,336.7453538905829,0.0
2024-07-23 19:12:59.6760,0.033,-0.105,-0.412,1.07,-3.83,-4.54,49.27926047362202,-122.90312186862799,336.7453538905829,0.0
2024-07-23 19:12:59.6860,0.02,-0.084,-0.395,1.1,-4.04,-4.24,49.27926047362202,-122.90312186862799,336.7453538905829,0.0
2024-07-23 19:12:59.6960,0.011,-0.075,-0.346,1.16,-4.19,-4.44,49.27926047362202,-122.90312186862799,336.7453538905829,0.0
2024-07-23 19:12:59.7070,0.004,-0.073,-0.279,1.18,-4.25,-4.96,49.27926047362202,-122.90312186862799,336.7453538905829,0.0
2024-07-23 19:12:59.7170,0.002,-0.091,-0.211,1.13,-4.08,-6.31,49.27926047362202,-122.90312186862799,336.7453538905829,0.0
2024-07-23 19:12:59.7270,0.0,-0.12,-0.155,1.13,-4.08,-6.31,49.27926047362202,-122.90312186862799,336.7453538905829,0.0
2024-07-23 19:12:59.7360,-0.017,-0.127,-0.129,1.09,-3.83,-6.85,49.27926047362202,-122.90312186862799,336.7453538905829,0.0
2024-07-23 19:12:59.7470,-0.042,-0.107,-0.121,1.21,-3.81,-7.08,49.27926047362202,-122.90312186862799,336.7453538905829,0.0
2024-07-23 19:12:59.7560,-0.064,-0.085,-0.122,1.41,-4.08,-7.13,49.27926047362202,-122.90312186862799,336.7453538905829,0.0
2024-07-23 19:12:59.7670,-0.079,-0.08,-0.12,1.58,-4.36,-7.08,49.27926047362202,-122.90312186862799,336.7453538905829,0.0
2024-07-23 19:12:59.7770,-0.088,-0.079,-0.115,1.68,-4.46,-7.07,49.27926047362202,-122.90312186862799,336.7453538905829,0.0
2024-07-23 19:12:59.7870,-0.079,-0.098,-0.115,1.72,-4.53,-7.08,49.27926047362202,-122.90312186862799,336.7453538905829,0.0
2024-07-23 19:12:59.7970,-0.065,-0.145,-0.12,1.58,-4.39,-7.06,49.27926047362202,-122.90312186862799,336.7453538905829,0.0
2024-07-23 19:12:59.8070,-0.05,-0.191,-0.141,1.17,-3.54,-6.77,49.27926047362202,-122.90312186862799,336.7453538905829,0.0
2024-07-23 19:12:59.8170,-0.033,-0.237,-0.182,0.94,-3.12,-6.36,49.27926047362202,-122.90312186862799,336.7453538905829,0.0
2024-07-23 19:12:59.8280,-0.037,-0.275,-0.237,0.94,-3.12,-6.36,49.27926047362202,-122.90312186862799,336.7453538905829,0.0
2024-07-23 19:12:59.8370,-0.051,-0.309,-0.323,0.9,-2.79,-5.8,49.27926047362202,-122.90312186862799,336.7453538905829,0.0
2024-07-23 19:12:59.8470,-0.062,-0.357,-0.426,0.96,-2.48,-4.94,49.27926047362202,-122.90312186862799,336.7453538905829,0.0
2024-07-23 19:12:59.8570,-0.062,-0.401,-0.507,0.99,-2.05,-3.91,49.27926047362202,-122.90312186862799,336.7453538905829,0.0
2024-07-23 19:12:59.8670,-0.05,-0.421,-0.61,0.91,-1.67,-3.08,49.27926047362202,-122.90312186862799,336.7453538905829,0.0
2024-07-23 19:12:59.8780,-0.088,-0.444,-0.746,0.72,-1.52,-2.04,49.27926047362202,-122.90312186862799,336.7453538905829,0.0
2024-07-23 19:12:59.8870,-0.156,-0.511,-0.829,1.61,-0.76,0.19,49.27926047362202,-122.90312186862799,336.7453538905829,0.0
2024-07-23 19:12:59.8980,-0.211,-0.632,-0.817,1.61,-0.76,0.19,49.27926047362202,-122.90312186862799,336.7453538905829,0.0
2024-07-23 19:12:59.9080,-0.192,-0.809,-0.744,2.11,0.35,0.13,49.27926047362202,-122.90312186862799,336.7453538905829,0.0
2024-07-23 19:12:59.9180,-0.107,-1.016,-0.854,1.96,4.017013764381409,0.583443363904953,49.27926047362202,-122.90312186862799,336.7453538905829,0.0
2024-07-23 19:12:59.9280,-0.009,-1.096,-1.203,1.19,4.01,0.58,49.27926047362202,-122.90312186862799,336.7453538905829,0.0
2024-07-23 19:12:59.9380,0.076,-0.959,-1.612,0.27,4.77,4.02,49.27926047362202,-122.90312186862799,336.7453538905829,0.0
2024-07-23 19:12:59.9480,0.095,-0.825,-1.753,-0.64,3.42,8.03,49.27926047362202,-122.90312186862799,336.7453538905829,0.0
2024-07-23 19:12:59.9580,0.034,-0.826,-1.543,-0.97,2.13,9.4,49.27926047362202,-122.90312186862799,336.7453538905829,0.0
2024-07-23 19:12:59.9680,-0.019,-0.811,-1.262,-0.55,2.19,7.3,49.27926047362202,-122.90312186862799,336.7453538905829,0.0
2024-07-23 19:12:59.9780,-0.033,-0.792,-1.195,-0.18,2.12,4.49,49.27926047362202,-122.90312186862799,336.7453538905829,0.0
2024-07-23 19:12:59.9880,-0.035,-0.892,-1.314,-0.15,3.17,4.83,49.27926047362202,-122.90312186862799,336.7453538905829,0.0
2024-07-23 19:12:59.9990,-0.01,-1.027,-1.427,-0.15,3.17,4.83,49.27926047362202,-122.90312186862799,336.7453538905829,0.0
2024-07-23 19:13:00.0130,0.039,-1.11,-1.646,-0.39,4.64,5.84,49.27926047362202,-122.90312186862799,336.7453538905829,0.0
2024-07-23 19:13:00.0190,0.128,-1.072,-1.972,-1.7,5.39,10.99,49.27926047362202,-122.90312186862799,336.7453538905829,0.0
2024-07-23 19:13:00.0290,0.21,-0.993,-2.211,-2.52,4.75,13.25,49.27926047362202,-122.90312186862799,336.7453538905829,0.0
2024-07-23 19:13:00.0390,0.238,-0.951,-2.35,-2.52,4.75,13.25,49.27926047362202,-122.90312186862799,336.7453538905829,0.0
2024-07-23 19:13:00.0490,0.228,-0.933,-2.392,-2.84,4.46,14.54,49.27926047362202,-122.90312186862799,336.7453538905829,0.0
2024-07-23 19:13:00.0600,0.184,-0.92,-2.327,-2.82,4.39,14.9,49.27926047362202,-122.90312186862799,336.7453538905829,0.0
2024-07-23 19:13:00.0700,0.104,-0.928,-2.19,-2.48,4.35,14.22,49.27926047362202,-122.90312186862799,336.7453538905829,0.0
2024-07-23 19:13:00.0800,0.032,-0.962,-1.969,-1.8,4.51,10.659060151576996,49.27926047362202,-122.90312186862799,336.7453538905829,0.0
2024-07-23 19:13:00.0890,-0.032,-1.03,-1.746,-1.17,4.9,10.65,49.27926047362202,-122.90312186862799,336.7453538905829,0.0
2024-07-23 19:13:00.0990,-0.071,-1.108,-1.599,-0.19,6.41,6.98,49.27926047362202,-122.90312186862799,336.7453538905829,0.0
2024-07-23 19:13:00.1090,-0.073,-1.149,-1.594,-0.09,6.81,6.92,49.27926047362202,-122.90312186862799,336.7453538905829,0.0
2024-07-23 19:13:00.1190,-0.02,-1.14,-1.721,-0.09,6.81,6.92,49.27926047362202,-122.90312186862799,336.7453538905829,0.0
2024-07-23 19:13:00.1290,0.063,-1.112,-1.876,-0.5,6.71,8.17,49.27926047362202,-122.90312186862799,336.7453538905829,0.0
2024-07-23 19:13:00.1390,0.122,-1.066,-2.012,-1.64,5.9,11.06,49.27926047362202,-122.90312186862799,336.7453538905829,0.0
2024-07-23 19:13:00.1500,0.156,-1.01,-2.137,-1.64,5.9,11.06,49.27926047362202,-122.90312186862799,336.7453538905829,0.0
2024-07-23 19:13:00.1610,0.178,-0.961,-2.18,-1.88,5.3,12.31,49.27926047362202,-122.90312186862799,336.7453538905829,0.0
2024-07-23 19:13:00.1700,0.172,-0.931,-2.131,-2.04,4.76,12.75,49.27926047362202,-122.90312186862799,336.7453538905829,0.0
2024-07-23 19:13:00.1830,0.134,-0.897,-1.996,-1.59,4.02,11.02,49.279259679464,-122.90313594777189,336.80996470339596,0.0
2024-07-23 19:13:00.1890,0.073,-0.841,-1.798,-1.59,4.02,11.02,49.279259679464,-122.90313594777189,336.80996470339596,0.0
2024-07-23 19:13:00.2000,0.021,-0.748,-1.601,-0.51,2.4,7.22,49.279259679464,-122.90313594777189,336.80996470339596,0.0
2024-07-23 19:13:00.2100,-0.017,-0.674,-1.421,-0.14,1.59,5.51,49.279259679464,-122.90313594777189,336.80996470339596,0.0
2024-07-23 19:13:00.2200,-0.052,-0.635,-1.284,-0.14,1.59,5.51,49.279259679464,-122.90313594777189,336.80996470339596,0.0
2024-07-23 19:13:00.2300,-0.074,-0.587,-1.19,0.21,1.14,4.2,49.279259679464,-122.90313594777189,336.80996470339596,0.0
2024-07-23 19:13:00.2400,-0.092,-0.501,-1.184,0.45,0.63,3.31,49.279259679464,-122.90313594777189,336.80996470339596,0.0
2024-07-23 19:13:00.2500,-0.095,-0.376,-1.224,0.64,-0.24,3.27,49.279259679464,-122.90313594777189,336.80996470339596,0.0
2024-07-23 19:13:00.2600,-0.086,-0.272,-1.213,0.69,-1.48,3.66,49.279259679464,-122.90313594777189,336.80996470339596,0.0
2024-07-23 19:13:00.2700,-0.091,-0.223,-1.124,0.61,-2.51,3.57,49.279259679464,-122.90313594777189,336.80996470339596,0.0
2024-07-23 19:13:00.2800,-0.107,-0.219,-0.994,0.67,-3.01,2.69,49.279259679464,-122.90313594777189,336.80996470339596,0.0
2024-07-23 19:13:00.2910,-0.109,-0.245,-0.87,0.86,-3.07,1.44,49.279259679464,-122.90313594777189,336.80996470339596,0.0
2024-07-23 19:13:00.3010,-0.091,-0.29,-0.758,0.93,-2.85,0.25,49.279259679464,-122.90313594777189,336.80996470339596,0.0
2024-07-23 19:13:00.3110,-0.065,-0.346,-0.675,0.66,-1.97,-1.6,49.279259679464,-122.90313594777189,336.80996470339596,0.0
2024-07-23 19:13:00.3210,-0.036,-0.386,-0.6,0.48,-1.64,-2.29,49.279259679464,-122.90313594777189,336.80996470339596,0.0
2024-07-23 19:13:00.3310,-0.021,-0.395,-0.527,0.48,-1.64,-2.29,49.279259679464,-122.90313594777189,336.80996470339596,0.0
2024-07-23 19:13:00.3410,-0.016,-0.412,-0.5,0.44,-1.61,-2.97,49.279259679464,-122.90313594777189,336.80996470339596,0.0
2024-07-23 19:13:00.3510,0.054,-0.493,-0.576,-0.11,-0.75,-2.41,49.279259679464,-122.90313594777189,336.80996470339596,0.0
2024-07-23 19:13:00.3610,0.136,-0.537,-0.71,-0.11,-0.75,-2.41,49.279259679464,-122.90313594777189,336.80996470339596,0.0
2024-07-23 19:13:00.3710,0.187,-0.607,-0.826,-0.87,-0.34,-1.08,49.279259679464,-122.90313594777189,336.80996470339596,0.0
2024-07-23 19:13:00.3810,0.19,-0.638,-0.722,-1.36,0.36,0.05,49.279259679464,-122.90313594777189,336.80996470339596,0.0
2024-07-23 19:13:00.3910,0.143,-0.59,-0.531,-1.42,0.68,-0.98,49.279259679464,-122.90313594777189,336.80996470339596,0.0
2024-07-23 19:13:00.4010,0.073,-0.513,-0.354,-0.99,0.22,-2.87,49.279259679464,-122.90313594777189,336.80996470339596,0.0
2024-07-23 19:13:00.4120,0.016,-0.41,-0.243,-0.31,-0.53,-4.61,49.279259679464,-122.90313594777189,336.80996470339596,0.0
2024-07-23 19:13:00.4220,-0.025,-0.312,-0.19,0.7,-2.55,-6.17,49.279259679464,-122.90313594777189,336.80996470339596,0.0
2024-07-23 19:13:00.4320,-0.051,-0.236,-0.178,0.7,-2.55,-6.17,49.279259679464,-122.90313594777189,336.80996470339596,0.0
2024-07-23 19:13:00.4420,-0.065,-0.181,-0.182,1.01,-3.34,-6.26,49.279259679464,-122.90313594777189,336.80996470339596,0.0
2024-07-23 19:13:00.4520,-0.066,-0.172,-0.245,1.22,-3.93,-6.18,49.279259679464,-122.90313594777189,336.80996470339596,0.0
2024-07-23 19:13:00.4620,-0.036,-0.186,-0.363,1.28,-4.07,-5.53,49.279259679464,-122.90313594777189,336.80996470339596,0.0
2024-07-23 19:13:00.4720,-0.012,-0.198,-0.514,1.01,-3.95,-4.35,49.279259679464,-122.90313594777189,336.80996470339596,0.0
2024-07-23 19:13:00.4820,-0.033,-0.207,-0.528,0.77,-3.81,-2.89,49.279259679464,-122.90313594777189,336.80996470339596,0.0
2024-07-23 19:13:00.4920,-0.09,-0.235,-0.408,0.92,-3.64,-2.81,49.279259679464,-122.90313594777189,336.80996470339596,0.0
2024-07-23 19:13:00.5020,-0.123,-0.245,-0.304,1.43,-3.26,-4.06,49.279259679464,-122.90313594777189,336.80996470339596,0.0
2024-07-23 19:13:00.5120,-0.115,-0.215,-0.294,1.69,-3.04,-5.17,49.279259679464,-122.90313594777189,336.80996470339596,0.0
2024-07-23 19:13:00.5220,-0.101,-0.194,-0.316,1.39,-3.27,-5.23,49.279259679464,-122.90313594777189,336.80996470339596,0.0
2024-07-23 19:13:00.5320,-0.087,-0.197,-0.356,1.39,-3.27,-5.23,49.279259679464,-122.90313594777189,336.80996470339596,0.0
2024-07-23 19:13:00.5420,-0.075,-0.205,-0.417,1.24,-3.13,-4.91,49.279259679464,-122.90313594777189,336.80996470339596,0.0
2024-07-23 19:13:00.5520,-0.057,-0.216,-0.498,1.1,-2.97,-4.36,49.279259679464,-122.90313594777189,336.80996470339596,0.0
2024-07-23 19:13:00.5620,-0.031,-0.242,-0.563,0.68,-2.52,-2.97,49.279259679464,-122.90313594777189,336.80996470339596,0.0
2024-07-23 19:13:00.5730,-0.021,-0.284,-0.59,0.58,-2.11,-2.71,49.279259679464,-122.90313594777189,336.80996470339596,0.0
2024-07-23 19:13:00.5830,-0.02,-0.334,-0.598,0.58,-2.11,-2.71,49.279259679464,-122.90313594777189,336.80996470339596,0.0
2024-07-23 19:13:00.5930,-0.015,-0.375,-0.591,0.57,-1.63,-2.63,49.279259679464,-122.90313594777189,336.80996470339596,0.0
2024-07-23 19:13:00.6030,-0.025,-0.396,-0.595,0.51,-1.25,-2.69,49.279259679464,-122.90313594777189,336.80996470339596,0.0
2024-07-23 19:13:00.6130,-0.041,-0.411,-0.621,0.74,-0.93,-2.38,49.279259679464,-122.90313594777189,336.80996470339596,0.0
2024-07-23 19:13:00.6230,-0.055,-0.427,-0.658,0.88,-0.76,-2.01,49.279259679464,-122.90313594777189,336.80996470339596,0.0
2024-07-23 19:13:00.6330,-0.065,-0.438,-0.715,0.88,-0.76,-2.01,49.279259679464,-122.90313594777189,336.80996470339596,0.0
2024-07-23 19:13:00.6430,-0.065,-0.444,-0.771,0.96,-0.66,-1.45,49.279259679464,-122.90313594777189,336.80996470339596,0.0
2024-07-23 19:13:00.6530,-0.065,-0.449,-0.797,0.94,-0.6,-0.91,49.279259679464,-122.90313594777189,336.80996470339596,0.0
2024-07-23 19:13:00.6630,-0.071,-0.454,-0.783,0.96,-0.53,-0.77,49.279259679464,-122.90313594777189,336.80996470339596,0.0
2024-07-23 19:13:00.6740,-0.08,-0.456,-0.78,0.96,-0.53,-0.77,49.279259679464,-122.90313594777189,336.80996470339596,0.0
2024-07-23 19:13:00.6830,-0.08,-0.476,-0.801,1.05,-0.52,-0.8,49.279259679464,-122.90313594777189,336.80996470339596,0.0
2024-07-23 19:13:00.6930,-0.076,-0.513,-0.817,1.04,-0.34,-0.58,49.279259679464,-122.90313594777189,336.80996470339596,0.0
2024-07-23 19:13:00.7030,-0.064,-0.549,-0.826,1.0,0.02,-0.42,49.279259679464,-122.90313594777189,336.80996470339596,0.0
2024-07-23 19:13:00.7140,-0.044,-0.575,-0.847,0.7,0.67,-0.15,49.279259679464,-122.90313594777189,336.80996470339596,0.0
2024-07-23 19:13:00.7240,-0.023,-0.584,-0.862,0.7,0.67,-0.15,49.279259679464,-122.90313594777189,336.80996470339596,0.0
2024-07-23 19:13:00.7340,-0.01,-0.58,-0.886,0.51,0.79,-0.02,49.279259679464,-122.90313594777189,336.80996470339596,0.0
2024-07-23 19:13:00.7440,0.007,-0.574,-0.926,0.4,0.79,0.19,49.279259679464,-122.90313594777189,336.80996470339596,0.0
2024-07-23 19:13:00.7540,0.024,-0.563,-0.962,0.26,0.77,0.56,49.279259679464,-122.90313594777189,336.80996470339596,0.0
2024-07-23 19:13:00.7640,0.036,-0.544,-1.0,0.11,0.7,0.89,49.279259679464,-122.90313594777189,336.80996470339596,0.0
2024-07-23 19:13:00.7740,0.045,-0.53,-1.029,0.01,0.54,1.25,49.279259679464,-122.90313594777189,336.80996470339596,0.0
2024-07-23 19:13:00.7840,0.049,-0.535,-1.007,-0.08,0.44,1.53,49.279259679464,-122.90313594777189,336.80996470339596,0.0
2024-07-23 19:13:00.7940,0.038,-0.535,-0.857,-0.1,0.49,1.3,49.279259679464,-122.90313594777189,336.80996470339596,0.0
2024-07-23 19:13:00.8070,0.068,-0.547,-0.895,0.02,0.47,-0.16,49.279259679464,-122.90313594777189,336.80996470339596,0.0
2024-07-23 19:13:00.8140,0.092,-0.576,-0.929,-0.26,0.56,0.23,49.279259679464,-122.90313594777189,336.80996470339596,0.0
2024-07-23 19:13:00.8250,0.077,-0.605,-0.887,-0.36,1.14,0.15,49.279259679464,-122.90313594777189,336.80996470339596,0.0
2024-07-23 19:13:00.8340,0.042,-0.614,-0.832,-0.03,1.25,-0.4,49.279259679464,-122.90313594777189,336.80996470339596,0.0
2024-07-23 19:13:00.8450,0.01,-0.591,-0.839,-0.03,1.25,-0.4,49.279259679464,-122.90313594777189,336.80996470339596,0.0
2024-07-23 19:13:00.8550,-0.011,-0.564,-0.865,0.45,0.86,-0.14,49.279259679464,-122.90313594777189,336.80996470339596,0.0
2024-07-23 19:13:00.8650,-0.026,-0.557,-0.877,0.56,0.84,-0.05,49.279259679464,-122.90313594777189,336.80996470339596,0.0
2024-07-23 19:13:00.8750,-0.039,-0.552,-0.864,0.56,0.84,-0.05,49.279259679464,-122.90313594777189,336.80996470339596,0.0

