time,gFx,gFy,gFz,ax,ay,az,latitude,longitude,altitude,speed
2024-07-23 19:9:44.7830,0.156,-0.271,-0.769,-0.66,-1.23,-1.43,49.27751779563418,-122.90304995143157,335.26556329149753,0.9552090171716752
2024-07-23 19:9:44.7890,0.168,-0.291,-0.799,-0.66,-1.23,-1.43,49.27751779563418,-122.90304995143157,335.26556329149753,0.9552090171716752
2024-07-23 19:9:44.7950,0.182,-0.29,-0.829,-0.91,-1.08,-0.82,49.27751779563418,-122.90304995143157,335.26556329149753,0.9552090171716752
2024-07-23 19:9:44.8050,0.191,-0.293,-0.851,-0.9915753619372846,-1.0471453991532327,-0.5963949465751648,49.27751779563418,-122.90304995143157,335.26556329149753,0.9552090171716752
2024-07-23 19:9:44.8150,0.197,-0.3,-0.864,-1.0,-1.05,-0.6,49.27751779563418,-122.90304995143157,335.26556329149753,0.9552090171716752
2024-07-23 19:9:44.8260,0.205,-0.304,-0.873,-1.07,-0.99,-0.48,49.27751779563418,-122.90304995143157,335.26556329149753,0.9552090171716752
2024-07-23 19:9:44.8360,0.214,-0.306,-0.885,-1.25,-0.91,-0.28,49.27751779563418,-122.90304995143157,335.26556329149753,0.9552090171716752
2024-07-23 19:9:44.8460,0.219,-0.306,-0.896,-1.25,-0.91,-0.28,49.27751779563418,-122.90304995143157,335.26556329149753,0.9552090171716752
2024-07-23 19:9:44.8560,0.222,-0.297,-0.901,-1.37,-0.93,-0.15,49.27751779563418,-122.90304995143157,335.26556329149753,0.9552090171716752
2024-07-23 19:9:44.8670,0.222,-0.283,-0.917,-1.38,-1.04,-0.01,49.27751779563418,-122.90304995143157,335.26556329149753,0.9552090171716752
2024-07-23 19:9:44.8770,0.216,-0.272,-0.933,-1.34,-1.12,0.12,49.27751779563418,-122.90304995143157,335.26556329149753,0.9552090171716752
2024-07-23 19:9:44.8860,0.198,-0.262,-0.949,-1.17,-1.17,0.27,49.27751779563418,-122.90304995143157,335.26556329149753,0.9552090171716752
2024-07-23 19:9:44.8960,0.174,-0.252,-0.966,-1.17,-1.17,0.27,49.27751779563418,-122.90304995143157,335.26556329149753,0.9552090171716752
2024-07-23 19:9:44.9070,0.152,-0.238,-0.977,-0.73,-1.36,0.52,49.27751779563418,-122.90304995143157,335.26556329149753,0.9552090171716752
2024-07-23 19:9:44.9170,0.133,-0.226,-0.973,-0.56,-1.47,0.48,49.27751779563418,-122.90304995143157,335.26556329149753,0.9552090171716752
2024-07-23 19:9:44.9270,0.118,-0.228,-0.964,-0.56,-1.47,0.48,49.27751779563418,-122.90304995143157,335.26556329149753,0.9552090171716752
2024-07-23 19:9:44.9370,0.109,-0.239,-0.947,-0.32,-1.33,0.22,49.27751779563418,-122.90304995143157,335.26556329149753,0.9552090171716752
2024-07-23 19:9:44.9460,0.103,-0.253,-0.923,-0.26,-1.2,-0.02,49.27751779563418,-122.90304995143157,335.26556329149753,0.9552090171716752
2024-07-23 19:9:44.9570,0.094,-0.264,-0.902,-0.26,-1.2,-0.02,49.27751779563418,-122.90304995143157,335.26556329149753,0.9552090171716752
2024-07-23 19:9:44.9670,0.088,-0.273,-0.884,-0.11,-1.01,-0.39,49.27751779563418,-122.90304995143157,335.26556329149753,0.9552090171716752
2024-07-23 19:9:44.9770,0.082,-0.284,-0.876,-0.11,-1.01,-0.39,49.27751779563418,-122.90304995143157,335.26556329149753,0.9552090171716752
2024-07-23 19:9:44.9870,0.079,-0.301,-0.869,-0.04,-0.9,-0.47,49.27751779563418,-122.90304995143157,335.26556329149753,0.9552090171716752
2024-07-23 19:9:44.9970,0.079,-0.315,-0.867,-0.01,-0.74,-0.54,49.27751779563418,-122.90304995143157,335.26556329149753,0.9552090171716752
2024-07-23 19:9:45.0080,0.077,-0.322,-0.87,0.02,-0.53,-0.53,49.27751779563418,-122.90304995143157,335.26556329149753,0.9552090171716752
2024-07-23 19:9:45.0170,0.08,-0.328,-0.874,0.02,-0.53,-0.53,49.27751779563418,-122.90304995143157,335.26556329149753,0.9552090171716752
2024-07-23 19:9:45.0270,0.081,-0.331,-0.881,-0.02,-0.42,-0.43,49.27751779563418,-122.90304995143157,335.26556329149753,0.9552090171716752
2024-07-23 19:9:45.0370,0.079,-0.33,-0.886,0.01,-0.43,-0.38,49.27751779563418,-122.90304995143157,335.26556329149753,0.9552090171716752
2024-07-23 19:9:45.0480,0.077,-0.328,-0.89,0.01,-0.43,-0.38,49.27751779563418,-122.90304995143157,335.26556329149753,0.9552090171716752
2024-07-23 19:9:45.0580,0.079,-0.331,-0.891,0.04,-0.45,-0.34,49.27751779563418,-122.90304995143157,335.26556329149753,0.9552090171716752
2024-07-23 19:9:45.0680,0.081,-0.334,-0.892,0.03,-0.41,-0.33,49.27751779563418,-122.90304995143157,335.26556329149753,0.9552090171716752
2024-07-23 19:9:45.0780,0.081,-0.332,-0.905,0.01,-0.38,-0.32,49.27751779563418,-122.90304995143157,335.26556329149753,0.9552090171716752
2024-07-23 19:9:45.0880,0.08,-0.327,-0.919,0.02,-0.45,-0.06,49.27751779563418,-122.90304995143157,335.26556329149753,0.9552090171716752
2024-07-23 19:9:45.0980,0.074,-0.329,-0.93,0.08,-0.42,0.05,49.27751779563418,-122.90304995143157,335.26556329149753,0.9552090171716752
2024-07-23 19:9:45.1080,0.075,-0.322,-0.954,0.08,-0.42,0.05,49.27751779563418,-122.90304995143157,335.26556329149753,0.9552090171716752
2024-07-23 19:9:45.1180,0.077,-0.313,-0.971,0.02,-0.57,0.44,49.27751779563418,-122.90304995143157,335.26556329149753,0.9552090171716752
2024-07-23 19:9:45.1280,0.073,-0.313,-0.976,0.02,-0.57,0.44,49.27751779563418,-122.90304995143157,335.26556329149753,0.9552090171716752
2024-07-23 19:9:45.1380,0.067,-0.323,-0.969,0.04,-0.56,0.49,49.27751779563418,-122.90304995143157,335.26556329149753,0.9552090171716752
2024-07-23 19:9:45.1510,0.069,-0.326,-0.949,0.08,-0.45,0.41,49.27751779563418,-122.90304995143157,335.26556329149753,0.9552090171716752
2024-07-23 19:9:45.1590,0.072,-0.325,-0.933,-0.01,-0.4,0.04,49.27751779563418,-122.90304995143157,335.26556329149753,0.9552090171716752
2024-07-23 19:9:45.1680,0.066,-0.319,-0.931,-0.01,-0.4,0.04,49.27752485786555,-122.90304352844508,335.1117094969377,0.7372467457812887
2024-07-23 19:9:45.1780,0.055,-0.318,-0.938,0.13,-0.4,0.06,49.27752485786555,-122.90304352844508,335.1117094969377,0.7372467457812887
2024-07-23 19:9:45.1880,0.049,-0.314,-0.95,0.13,-0.4,0.06,49.27752485786555,-122.90304352844508,335.1117094969377,0.7372467457812887
2024-07-23 19:9:45.1980,0.051,-0.305,-0.978,0.17,-0.45,0.43,49.27752485786555,-122.90304352844508,335.1117094969377,0.7372467457812887
2024-07-23 19:9:45.2080,0.058,-0.306,-1.003,0.17,-0.45,0.43,49.27752485786555,-122.90304352844508,335.1117094969377,0.7372467457812887
2024-07-23 19:9:45.2180,0.066,-0.308,-1.021,0.11,-0.41,0.66,49.27752485786555,-122.90304352844508,335.1117094969377,0.7372467457812887
2024-07-23 19:9:45.2280,0.073,-0.314,-1.032,-0.03,-0.3,0.93,49.27752485786555,-122.90304352844508,335.1117094969377,0.7372467457812887
2024-07-23 19:9:45.2390,0.075,-0.321,-1.025,-0.03,-0.3,0.93,49.27752485786555,-122.90304352844508,335.1117094969377,0.7372467457812887
2024-07-23 19:9:45.2490,0.073,-0.325,-1.005,-0.03,-0.17,0.66,49.27752485786555,-122.90304352844508,335.1117094969377,0.7372467457812887
2024-07-23 19:9:45.2590,0.061,-0.326,-0.98,-0.03,-0.17,0.66,49.27752485786555,-122.90304352844508,335.1117094969377,0.7372467457812887
2024-07-23 19:9:45.2690,0.046,-0.323,-0.95,0.08,-0.175243099629879,0.12780493140220642,49.27752485786555,-122.90304352844508,335.1117094969377,0.7372467457812887
2024-07-23 19:9:45.2790,0.034,-0.324,-0.923,0.35,-0.18,-0.15,49.27752485786555,-122.90304352844508,335.1117094969377,0.7372467457812887
2024-07-23 19:9:45.2900,0.029,-0.332,-0.901,0.4,-0.1,-0.36,49.27752485786555,-122.90304352844508,335.1117094969377,0.7372467457812887
2024-07-23 19:9:45.3000,0.033,-0.339,-0.886,0.37,-0.03,-0.51,49.27752485786555,-122.90304352844508,335.1117094969377,0.7372467457812887
2024-07-23 19:9:45.3100,0.039,-0.345,-0.879,0.37,-0.03,-0.51,49.27752485786555,-122.90304352844508,335.1117094969377,0.7372467457812887
2024-07-23 19:9:45.3200,0.043,-0.351,-0.874,0.31,0.02,-0.58,49.27752485786555,-122.90304352844508,335.1117094969377,0.7372467457812887
2024-07-23 19:9:45.3300,0.047,-0.356,-0.866,0.24,0.12,-0.7,49.27752485786555,-122.90304352844508,335.1117094969377,0.7372467457812887
2024-07-23 19:9:45.3400,0.053,-0.364,-0.857,0.19,0.19,-0.78,49.27752485786555,-122.90304352844508,335.1117094969377,0.7372467457812887
2024-07-23 19:9:45.3500,0.062,-0.369,-0.854,0.113972392603755,0.24,-0.8,49.27752485786555,-122.90304352844508,335.1117094969377,0.7372467457812887
2024-07-23 19:9:45.3600,0.069,-0.368,-0.858,0.03,0.22,-0.77,49.27752485786555,-122.90304352844508,335.1117094969377,0.7372467457812887
2024-07-23 19:9:45.3710,0.076,-0.372,-0.858,0.03,0.22,-0.77,49.27752485786555,-122.90304352844508,335.1117094969377,0.7372467457812887
2024-07-23 19:9:45.3800,0.083,-0.375,-0.869,-0.03,0.27,-0.77,49.27752485786555,-122.90304352844508,335.1117094969377,0.7372467457812887
2024-07-23 19:9:45.3900,0.087,-0.371,-0.878,-0.1,0.31,-0.67,49.27752485786555,-122.90304352844508,335.1117094969377,0.7372467457812887
2024-07-23 19:9:45.4000,0.081,-0.363,-0.884,-0.14,0.29,-0.58,49.27752485786555,-122.90304352844508,335.1117094969377,0.7372467457812887
2024-07-23 19:9:45.4100,0.074,-0.353,-0.883,-0.03,0.14,-0.55,49.27752485786555,-122.90304352844508,335.1117094969377,0.7372467457812887
2024-07-23 19:9:45.4200,0.068,-0.343,-0.885,-0.03,0.14,-0.55,49.27752485786555,-122.90304352844508,335.1117094969377,0.7372467457812887
2024-07-23 19:9:45.4300,0.066,-0.332,-0.888,0.02212089389562607,-0.01641167253255844,-0.5130773860216141,49.27752485786555,-122.90304352844508,335.1117094969377,0.7372467457812887
2024-07-23 19:9:45.4410,0.062,-0.321,-0.888,0.02,-0.02,-0.52,49.27752485786555,-122.90304352844508,335.1117094969377,0.7372467457812887
2024-07-23 19:9:45.4500,0.056,-0.309,-0.891,0.1,-0.19,-0.51,49.27752485786555,-122.90304352844508,335.1117094969377,0.7372467457812887
2024-07-23 19:9:45.4610,0.055,-0.299,-0.899,0.1,-0.19,-0.51,49.27752485786555,-122.90304352844508,335.1117094969377,0.7372467457812887
2024-07-23 19:9:45.4710,0.058,-0.293,-0.91,0.1,-0.27,-0.44,49.27752485786555,-122.90304352844508,335.1117094969377,0.7372467457812887
2024-07-23 19:9:45.4810,0.063,-0.293,-0.921,0.07,-0.29,-0.34,49.27752485786555,-122.90304352844508,335.1117094969377,0.7372467457812887
2024-07-23 19:9:45.4910,0.069,-0.292,-0.933,-0.02,-0.25,-0.13,49.27752485786555,-122.90304352844508,335.1117094969377,0.7372467457812887
2024-07-23 19:9:45.5010,0.072,-0.295,-0.944,-0.02,-0.25,-0.13,49.27752485786555,-122.90304352844508,335.1117094969377,0.7372467457812887
2024-07-23 19:9:45.5110,0.073,-0.296,-0.957,-0.05,-0.2,-0.03,49.27752485786555,-122.90304352844508,335.1117094969377,0.7372467457812887
2024-07-23 19:9:45.5210,0.073,-0.291,-0.964,-0.05,-0.21,0.16,49.27752485786555,-122.90304352844508,335.1117094969377,0.7372467457812887
2024-07-23 19:9:45.5310,0.07,-0.289,-0.967,-0.05,-0.21,0.16,49.27752485786555,-122.90304352844508,335.1117094969377,0.7372467457812887
2024-07-23 19:9:45.5410,0.065,-0.286,-0.968,-0.01,-0.22,0.18,49.27752485786555,-122.90304352844508,335.1117094969377,0.7372467457812887
2024-07-23 19:9:45.5510,0.059,-0.288,-0.964,0.04,-0.23,0.19,49.27752485786555,-122.90304352844508,335.1117094969377,0.7372467457812887
2024-07-23 19:9:45.5620,0.053,-0.288,-0.962,0.1,-0.21,0.14,49.27752485786555,-122.90304352844508,335.1117094969377,0.7372467457812887
2024-07-23 19:9:45.5710,0.05,-0.291,-0.958,0.16,-0.19,0.12,49.27752485786555,-122.90304352844508,335.1117094969377,0.7372467457812887
2024-07-23 19:9:45.5810,0.049,-0.29,-0.956,0.2,-0.12,0.04,49.27752485786555,-122.90304352844508,335.1117094969377,0.7372467457812887
2024-07-23 19:9:45.5920,0.05,-0.287,-0.958,0.2,-0.12,0.04,49.27752485786555,-122.90304352844508,335.1117094969377,0.7372467457812887
2024-07-23 19:9:45.6020,0.05,-0.284,-0.964,0.19,-0.14,0.07,49.27752485786555,-122.90304352844508,335.1117094969377,0.7372467457812887
2024-07-23 19:9:45.6120,0.046,-0.281,-0.97,0.19,-0.15,0.11,49.27752485786555,-122.90304352844508,335.1117094969377,0.7372467457812887
2024-07-23 19:9:45.6220,0.043,-0.279,-0.972,0.26,-0.16,0.19,49.27752485786555,-122.90304352844508,335.1117094969377,0.7372467457812887
2024-07-23 19:9:45.6320,0.042,-0.282,-0.971,0.26,-0.13,0.17,49.27752485786555,-122.90304352844508,335.1117094969377,0.7372467457812887
2024-07-23 19:9:45.6420,0.039,-0.286,-0.966,0.26,-0.13,0.17,49.27752485786555,-122.90304352844508,335.1117094969377,0.7372467457812887
2024-07-23 19:9:45.6530,0.035,-0.292,-0.961,0.31,-0.01,0.07,49.27752485786555,-122.90304352844508,335.1117094969377,0.7372467457812887
2024-07-23 19:9:45.6630,0.038,-0.292,-0.957,0.28,0.01,0.02,49.27752485786555,-122.90304352844508,335.1117094969377,0.7372467457812887
2024-07-23 19:9:45.6720,0.043,-0.289,-0.952,0.22,-0.02,-0.03,49.27752485786555,-122.90304352844508,335.1117094969377,0.7372467457812887
2024-07-23 19:9:45.6820,0.042,-0.285,-0.945,0.23,-0.04,-0.1,49.27752485786555,-122.90304352844508,335.1117094969377,0.7372467457812887
2024-07-23 19:9:45.6920,0.04,-0.28,-0.947,0.25,-0.08,-0.09,49.27752485786555,-122.90304352844508,335.1117094969377,0.7372467457812887
2024-07-23 19:9:45.7020,0.04,-0.277,-0.952,0.25,-0.1,-0.04,49.27752485786555,-122.90304352844508,335.1117094969377,0.7372467457812887
2024-07-23 19:9:45.7120,0.045,-0.277,-0.95,0.25,-0.1,-0.04,49.27752485786555,-122.90304352844508,335.1117094969377,0.7372467457812887
2024-07-23 19:9:45.7220,0.048,-0.277,-0.945,0.2,-0.09,-0.06,49.27752485786555,-122.90304352844508,335.1117094969377,0.7372467457812887
2024-07-23 19:9:45.7340,0.05,-0.276,-0.935,0.15,-0.09,-0.21383150696754458,49.27752485786555,-122.90304352844508,335.1117094969377,0.7372467457812887
2024-07-23 19:9:45.7430,0.053,-0.276,-0.918,0.12,-0.09,-0.22,49.27752485786555,-122.90304352844508,335.1117094969377,0.7372467457812887
2024-07-23 19:9:45.7530,0.049,-0.273,-0.9,0.09,-0.09,-0.38,49.27752485786555,-122.90304352844508,335.1117094969377,0.7372467457812887
2024-07-23 19:9:45.7630,0.044,-0.269,-0.883,0.12,-0.11,-0.56,49.27752485786555,-122.90304352844508,335.1117094969377,0.7372467457812887
2024-07-23 19:9:45.7730,0.043,-0.264,-0.868,0.16,-0.16,-0.73,49.27752485786555,-122.90304352844508,335.1117094969377,0.7372467457812887
2024-07-23 19:9:45.7830,0.042,-0.262,-0.852,0.17,-0.21,-0.88,49.27752485786555,-122.90304352844508,335.1117094969377,0.7372467457812887
2024-07-23 19:9:45.7930,0.039,-0.257,-0.832,0.18,-0.24,-1.03,49.27752485786555,-122.90304352844508,335.1117094969377,0.7372467457812887
2024-07-23 19:9:45.8030,0.036,-0.253,-0.806,0.21,-0.3,-1.23,49.27752485786555,-122.90304352844508,335.1117094969377,0.7372467457812887
2024-07-23 19:9:45.8130,0.034,-0.249,-0.774,0.26,-0.41,-1.78,49.27752485786555,-122.90304352844508,335.1117094969377,0.7372467457812887
2024-07-23 19:9:45.8230,0.031,-0.245,-0.736,0.29,-0.47,-2.14,49.27752485786555,-122.90304352844508,335.1117094969377,0.7372467457812887
2024-07-23 19:9:45.8350,0.026,-0.243,-0.697,0.29,-0.47,-2.14,49.27752485786555,-122.90304352844508,335.1117094969377,0.7372467457812887
2024-07-23 19:9:45.8440,0.02,-0.237,-0.655,0.34,-0.51,-2.53,49.27752485786555,-122.90304352844508,335.1117094969377,0.7372467457812887
2024-07-23 19:9:45.8540,0.012,-0.23,-0.619,0.49,-0.69,-3.27,49.27752485786555,-122.90304352844508,335.1117094969377,0.7372467457812887
2024-07-23 19:9:45.8640,-0.002,-0.229,-0.595,0.49,-0.69,-3.27,49.27752485786555,-122.90304352844508,335.1117094969377,0.7372467457812887
2024-07-23 19:9:45.8750,-0.029,-0.234,-0.578,0.91,-0.68,-3.66,49.27752485786555,-122.90304352844508,335.1117094969377,0.7372467457812887
2024-07-23 19:9:45.8840,-0.059,-0.233,-0.563,0.91,-0.68,-3.66,49.27752485786555,-122.90304352844508,335.1117094969377,0.7372467457812887
2024-07-23 19:9:45.8940,-0.094,-0.229,-0.547,1.57,-0.76,-3.96,49.27752485786555,-122.90304352844508,335.1117094969377,0.7372467457812887
2024-07-23 19:9:45.9040,-0.132,-0.21,-0.521,1.94,-0.95,-4.21,49.27752485786555,-122.90304352844508,335.1117094969377,0.7372467457812887
2024-07-23 19:9:45.9140,-0.14,-0.18,-0.505,2.03,-1.26,-4.36,49.27752485786555,-122.90304352844508,335.1117094969377,0.7372467457812887
2024-07-23 19:9:45.9240,-0.136,-0.146,-0.501,1.99,-1.6,-4.4,49.27752485786555,-122.90304352844508,335.1117094969377,0.7372467457812887
2024-07-23 19:9:45.9340,-0.12,-0.115,-0.514,1.84,-1.92,-4.27,49.27752485786555,-122.90304352844508,335.1117094969377,0.7372467457812887
2024-07-23 19:9:45.9440,-0.094,-0.109,-0.528,1.84,-1.92,-4.27,49.27752485786555,-122.90304352844508,335.1117094969377,0.7372467457812887
2024-07-23 19:9:45.9540,-0.057,-0.112,-0.532,1.24,-1.99,-4.07,49.27752485786555,-122.90304352844508,335.1117094969377,0.7372467457812887
2024-07-23 19:9:45.9650,-0.018,-0.125,-0.501,1.24,-1.99,-4.07,49.27752485786555,-122.90304352844508,335.1117094969377,0.7372467457812887
2024-07-23 19:9:45.9750,-0.009,-0.156,-0.468,0.83,-1.64,-4.67,49.27752485786555,-122.90304352844508,335.1117094969377,0.7372467457812887
2024-07-23 19:9:45.9850,-0.006,-0.135,-0.445,0.83,-1.64,-4.67,49.27752485786555,-122.90304352844508,335.1117094969377,0.7372467457812887
2024-07-23 19:9:45.9940,-0.013,-0.137,-0.414,0.84,-1.91,-4.87,49.27752485786555,-122.90304352844508,335.1117094969377,0.7372467457812887
2024-07-23 19:9:46.0050,-0.011,-0.125,-0.428,0.95,-1.92,-5.16,49.27752485786555,-122.90304352844508,335.1117094969377,0.7372467457812887
2024-07-23 19:9:46.0150,-0.005,-0.126,-0.422,0.97,-2.08,-5.01,49.27752485786555,-122.90304352844508,335.1117094969377,0.7372467457812887
2024-07-23 19:9:46.0250,0.024,-0.14,-0.454,0.69,-1.96,-4.73,49.27752485786555,-122.90304352844508,335.1117094969377,0.7372467457812887
2024-07-23 19:9:46.0350,0.057,-0.148,-0.456,0.69,-1.96,-4.73,49.27752485786555,-122.90304352844508,335.1117094969377,0.7372467457812887
2024-07-23 19:9:46.0450,0.089,-0.18,-0.486,0.08,-1.54,-4.42,49.27752485786555,-122.90304352844508,335.1117094969377,0.7372467457812887
2024-07-23 19:9:46.0550,0.115,-0.189,-0.509,-0.17,-1.42,-4.21,49.27752485786555,-122.90304352844508,335.1117094969377,0.7372467457812887
2024-07-23 19:9:46.0670,0.134,-0.222,-0.514,-0.17,-1.42,-4.21,49.27752485786555,-122.90304352844508,335.1117094969377,0.7372467457812887
2024-07-23 19:9:46.0750,0.149,-0.253,-0.523,-0.54,-0.72,-4.1,49.27752485786555,-122.90304352844508,335.1117094969377,0.7372467457812887
2024-07-23 19:9:46.0850,0.15,-0.27,-0.538,-0.54,-0.72,-4.1,49.27752485786555,-122.90304352844508,335.1117094969377,0.7372467457812887
2024-07-23 19:9:46.0950,0.151,-0.269,-0.565,-0.57,-0.51,-3.97,49.27752485786555,-122.90304352844508,335.1117094969377,0.7372467457812887
2024-07-23 19:9:46.1050,0.145,-0.275,-0.596,-0.57,-0.32,-3.46,49.27752485786555,-122.90304352844508,335.1117094969377,0.7372467457812887
2024-07-23 19:9:46.1160,0.128,-0.279,-0.646,-0.57,-0.32,-3.46,49.27752485786555,-122.90304352844508,335.1117094969377,0.7372467457812887
2024-07-23 19:9:46.1260,0.119,-0.263,-0.724,-0.43,-0.2,-2.99,49.27752485786555,-122.90304352844508,335.1117094969377,0.7372467457812887
2024-07-23 19:9:46.1360,0.123,-0.252,-0.803,-0.36,-0.25,-2.26,49.27752485786555,-122.90304352844508,335.1117094969377,0.7372467457812887
2024-07-23 19:9:46.1500,0.133,-0.248,-0.896,-0.42,-0.26,-1.52,49.27752485786555,-122.90304352844508,335.1117094969377,0.7372467457812887
2024-07-23 19:9:46.1560,0.156,-0.237,-1.0,-0.78,-0.22,0.36,49.27752485786555,-122.90304352844508,335.1117094969377,0.7372467457812887
2024-07-23 19:9:46.1660,0.18,-0.239,-1.081,-0.78,-0.22,0.36,49.277527276759116,-122.90304136438918,335.1878008879721,0.0
2024-07-23 19:9:46.1760,0.185,-0.251,-1.124,-1.04,-0.12,1.13,49.277527276759116,-122.90304136438918,335.1878008879721,0.0
2024-07-23 19:9:46.1850,0.173,-0.264,-1.113,-1.13,0.04,1.54,49.277527276759116,-122.90304136438918,335.1878008879721,0.0
2024-07-23 19:9:46.1960,0.153,-0.278,-1.079,-1.07,0.2,1.42,49.277527276759116,-122.90304136438918,335.1878008879721,0.0
2024-07-23 19:9:46.2060,0.121,-0.281,-1.055,-0.65,0.43,0.83,49.277527276759116,-122.90304136438918,335.1878008879721,0.0
2024-07-23 19:9:46.2160,0.089,-0.267,-1.054,-0.65,0.43,0.83,49.277527276759116,-122.90304136438918,335.1878008879721,0.0
2024-07-23 19:9:46.2260,0.071,-0.265,-1.081,-0.24,0.37,1.06,49.277527276759116,-122.90304136438918,335.1878008879721,0.0
2024-07-23 19:9:46.2370,0.066,-0.273,-1.11,-0.2,0.51,1.33,49.277527276759116,-122.90304136438918,335.1878008879721,0.0
2024-07-23 19:9:46.2470,0.072,-0.281,-1.139,-0.2,0.51,1.33,49.277527276759116,-122.90304136438918,335.1878008879721,0.0
2024-07-23 19:9:46.2570,0.091,-0.278,-1.175,-0.46,0.65,1.94,49.277527276759116,-122.90304136438918,335.1878008879721,0.0
2024-07-23 19:9:46.2670,0.118,-0.271,-1.222,-0.46,0.65,1.94,49.277527276759116,-122.90304136438918,335.1878008879721,0.0
2024-07-23 19:9:46.2770,0.14,-0.267,-1.244,-0.73,0.61,2.39,49.277527276759116,-122.90304136438918,335.1878008879721,0.0
2024-07-23 19:9:46.2870,0.139,-0.257,-1.241,-0.96,0.6,2.6,49.277527276759116,-122.90304136438918,335.1878008879721,0.0
2024-07-23 19:9:46.2970,0.12,-0.236,-1.251,-0.95,0.52,2.57,49.277527276759116,-122.90304136438918,335.1878008879721,0.0
2024-07-23 19:9:46.3070,0.093,-0.211,-1.251,-0.52,0.11,2.66,49.277527276759116,-122.90304136438918,335.1878008879721,0.0
2024-07-23 19:9:46.3170,0.06,-0.196,-1.238,-0.52,0.11,2.66,49.277527276759116,-122.90304136438918,335.1878008879721,0.0
2024-07-23 19:9:46.3280,0.038,-0.184,-1.246,0.03,-0.1,2.61,49.277527276759116,-122.90304136438918,335.1878008879721,0.0
2024-07-23 19:9:46.3370,0.031,-0.18,-1.245,0.03,-0.1,2.61,49.277527276759116,-122.90304136438918,335.1878008879721,0.0
2024-07-23 19:9:46.3470,0.029,-0.189,-1.252,0.15,-0.02,2.66,49.277527276759116,-122.90304136438918,335.1878008879721,0.0
2024-07-23 19:9:46.3580,0.032,-0.195,-1.264,0.15,-0.02,2.66,49.277527276759116,-122.90304136438918,335.1878008879721,0.0
2024-07-23 19:9:46.3670,0.033,-0.204,-1.253,0.11,0.18,2.66,49.277527276759116,-122.90304136438918,335.1878008879721,0.0
2024-07-23 19:9:46.3770,0.026,-0.211,-1.235,0.18,0.27,2.48,49.277527276759116,-122.90304136438918,335.1878008879721,0.0
2024-07-23 19:9:46.3880,0.023,-0.225,-1.197,0.18,0.27,2.48,49.277527276759116,-122.90304136438918,335.1878008879721,0.0
2024-07-23 19:9:46.3980,0.027,-0.249,-1.163,0.2,0.42,2.1,49.277527276759116,-122.90304136438918,335.1878008879721,0.0
2024-07-23 19:9:46.4070,0.036,-0.264,-1.173,0.08,0.82,1.86,49.277527276759116,-122.90304136438918,335.1878008879721,0.0
2024-07-23 19:9:46.4180,0.05,-0.265,-1.195,-0.06,0.82,2.08,49.277527276759116,-122.90304136438918,335.1878008879721,0.0
2024-07-23 19:9:46.4290,0.058,-0.261,-1.226,-0.14,0.75,2.39,49.277527276759116,-122.90304136438918,335.1878008879721,0.0
2024-07-23 19:9:46.4380,0.067,-0.26,-1.263,-0.24,0.7,2.76,49.277527276759116,-122.90304136438918,335.1878008879721,0.0
2024-07-23 19:9:46.4480,0.072,-0.274,-1.27,-0.32,0.8,2.84,49.277527276759116,-122.90304136438918,335.1878008879721,0.0
2024-07-23 19:9:46.4580,0.069,-0.307,-1.278,-0.33,1.09,2.92,49.277527276759116,-122.90304136438918,335.1878008879721,0.0
2024-07-23 19:9:46.4680,0.045,-0.316,-1.29,-0.33,1.09,2.92,49.277527276759116,-122.90304136438918,335.1878008879721,0.0
2024-07-23 19:9:46.4770,0.004,-0.293,-1.318,-0.12,1.16,3.04,49.277527276759116,-122.90304136438918,335.1878008879721,0.0
2024-07-23 19:9:46.4880,-0.025,-0.271,-1.339,0.24,0.9,3.32,49.277527276759116,-122.90304136438918,335.1878008879721,0.0
2024-07-23 19:9:46.4980,0.0,-0.313,-1.327,0.48,0.66,3.52,49.277527276759116,-122.90304136438918,335.1878008879721,0.0
2024-07-23 19:9:46.5080,0.036,-0.41,-1.288,0.19,1.06,3.41,49.277527276759116,-122.90304136438918,335.1878008879721,0.0
2024-07-23 19:9:46.5180,0.043,-0.424,-1.291,-0.21,2.01,3.03,49.277527276759116,-122.90304136438918,335.1878008879721,0.0
2024-07-23 19:9:46.5280,0.032,-0.418,-1.37,-0.34,2.18,3.05,49.277527276759116,-122.90304136438918,335.1878008879721,0.0
2024-07-23 19:9:46.5380,0.021,-0.464,-1.487,-0.36,2.76,4.94,49.277527276759116,-122.90304136438918,335.1878008879721,0.0
2024-07-23 19:9:46.5490,-0.037,-0.477,-1.57,-0.36,2.76,4.94,49.277527276759116,-122.90304136438918,335.1878008879721,0.0
2024-07-23 19:9:46.5590,-0.171,-0.353,-1.58,1.17,2.01,5.8,49.277527276759116,-122.90304136438918,335.1878008879721,0.0
2024-07-23 19:9:46.5690,-0.326,-0.157,-1.614,2.52,0.22,6.12,49.277527276759116,-122.90304136438918,335.1878008879721,0.0
2024-07-23 19:9:46.5790,-0.39,-0.04,-1.651,3.02,-0.84,6.49,49.277527276759116,-122.90304136438918,335.1878008879721,0.0
2024-07-23 19:9:46.5890,-0.379,-0.055,-1.618,2.81,-0.68,6.17,49.277527276759116,-122.90304136438918,335.1878008879721,0.0
2024-07-23 19:9:46.5990,-0.361,-0.115,-1.553,2.81,-0.68,6.17,49.277527276759116,-122.90304136438918,335.1878008879721,0.0
2024-07-23 19:9:46.6110,-0.334,-0.16,-1.506,2.32,0.13,5.11,49.277527276759116,-122.90304136438918,335.1878008879721,0.0
2024-07-23 19:9:46.6200,-0.317,-0.206,-1.474,2.32,0.13,5.11,49.277527276759116,-122.90304136438918,335.1878008879721,0.0
2024-07-23 19:9:46.6290,-0.306,-0.277,-1.441,2.18,0.39,4.83,49.277527276759116,-122.90304136438918,335.1878008879721,0.0
2024-07-23 19:9:46.6400,-0.282,-0.387,-1.394,2.03,1.73,4.1,49.277527276759116,-122.90304136438918,335.1878008879721,0.0
2024-07-23 19:9:46.6500,-0.224,-0.51,-1.378,2.03,1.73,4.1,49.277527276759116,-122.90304136438918,335.1878008879721,0.0
2024-07-23 19:9:46.6600,-0.102,-0.623,-1.457,1.63,2.77,3.98,49.277527276759116,-122.90304136438918,335.1878008879721,0.0
2024-07-23 19:9:46.6700,0.081,-0.728,-1.602,-1.01,4.73,6.2,49.277527276759116,-122.90304136438918,335.1878008879721,0.0
2024-07-23 19:9:46.6800,0.262,-0.798,-1.784,-1.01,4.73,6.2,49.277527276759116,-122.90304136438918,335.1878008879721,0.0
2024-07-23 19:9:46.6900,0.402,-0.829,-1.921,-2.65,5.4,7.99,49.277527276759116,-122.90304136438918,335.1878008879721,0.0
2024-07-23 19:9:46.7000,0.469,-0.781,-2.047,-3.9,5.72,9.33,49.277527276759116,-122.90304136438918,335.1878008879721,0.0
2024-07-23 19:9:46.7120,0.406,-0.675,-2.189,-3.77,4.25,11.96,49.277527276759116,-122.90304136438918,335.1878008879721,0.0
2024-07-23 19:9:46.7200,0.322,-0.506,-2.266,-3.77,4.25,11.96,49.277527276759116,-122.90304136438918,335.1878008879721,0.0
2024-07-23 19:9:46.7310,0.206,-0.397,-2.242,-2.89,2.57,12.71,49.277527276759116,-122.90304136438918,335.1878008879721,0.0
2024-07-23 19:9:46.7420,0.108,-0.318,-2.233,-1.7,1.46,12.49,49.277527276759116,-122.90304136438918,335.1878008879721,0.0
2024-07-23 19:9:46.7510,0.066,-0.281,-2.18,-0.71,0.62,12.42,49.277527276759116,-122.90304136438918,335.1878008879721,0.0
2024-07-23 19:9:46.7610,0.07,-0.298,-2.116,-0.28,0.2,11.92,49.277527276759116,-122.90304136438918,335.1878008879721,0.0
2024-07-23 19:9:46.7710,0.097,-0.314,-2.079,-0.29,0.33,11.3,49.277527276759116,-122.90304136438918,335.1878008879721,0.0
2024-07-23 19:9:46.7820,0.112,-0.293,-2.033,-0.52,0.47,10.95,49.277527276759116,-122.90304136438918,335.1878008879721,0.0
2024-07-23 19:9:46.7920,0.098,-0.26,-2.051,-0.6,0.23,10.5,49.277527276759116,-122.90304136438918,335.1878008879721,0.0
2024-07-23 19:9:46.8010,0.085,-0.24,-2.094,-0.2,-0.45,11.15,49.277527276759116,-122.90304136438918,335.1878008879721,0.0
2024-07-23 19:9:46.8120,0.089,-0.227,-2.086,-0.19,-0.66,11.11,49.277527276759116,-122.90304136438918,335.1878008879721,0.0
2024-07-23 19:9:46.8220,0.1,-0.212,-2.048,-0.19,-0.66,11.11,49.277527276759116,-122.90304136438918,335.1878008879721,0.0
2024-07-23 19:9:46.8320,0.13,-0.189,-2.016,-0.28,-0.86,10.75,49.277527276759116,-122.90304136438918,335.1878008879721,0.0
2024-07-23 19:9:46.8420,0.147,-0.149,-1.967,-0.57,-1.09,10.44,49.277527276759116,-122.90304136438918,335.1878008879721,0.0
2024-07-23 19:9:46.8520,0.166,-0.107,-1.998,-0.73,-1.45,9.95,49.277527276759116,-122.90304136438918,335.1878008879721,0.0
2024-07-23 19:9:46.8620,0.187,-0.064,-2.097,-1.03,-2.25,11.22,49.277527276759116,-122.90304136438918,335.1878008879721,0.0
2024-07-23 19:9:46.8720,0.201,-0.049,-2.132,-1.03,-2.25,11.22,49.277527276759116,-122.90304136438918,335.1878008879721,0.0
2024-07-23 19:9:46.8820,0.197,-0.053,-2.061,-1.11,-2.45,11.59,49.277527276759116,-122.90304136438918,335.1878008879721,0.0
2024-07-23 19:9:46.8920,0.176,-0.048,-1.903,-0.79,-2.71,9.43,49.277527276759116,-122.90304136438918,335.1878008879721,0.0
2024-07-23 19:9:46.9020,0.191,-0.048,-1.698,-0.93,-2.83,7.46,49.277527276759116,-122.90304136438918,335.1878008879721,0.0
2024-07-23 19:9:46.9120,0.245,-0.086,-1.431,-0.93,-2.83,7.46,49.277527276759116,-122.90304136438918,335.1878008879721,0.0
2024-07-23 19:9:46.9220,0.312,-0.166,-1.217,-2.13,-1.76,2.77,49.277527276759116,-122.90304136438918,335.1878008879721,0.0
2024-07-23 19:9:46.9320,0.34,-0.317,-1.133,-2.13,-1.76,2.77,49.277527276759116,-122.90304136438918,335.1878008879721,0.0
2024-07-23 19:9:46.9420,0.307,-0.48,-1.119,-2.11,1.42,1.77,49.277527276759116,-122.90304136438918,335.1878008879721,0.0
2024-07-23 19:9:46.9520,0.254,-0.538,-1.172,-2.11,1.42,1.77,49.277527276759116,-122.90304136438918,335.1878008879721,0.0
2024-07-23 19:9:46.9620,0.157,-0.514,-1.21,-1.62,2.06,2.27,49.277527276759116,-122.90304136438918,335.1878008879721,0.0
2024-07-23 19:9:46.9720,0.04,-0.502,-1.132,0.35,1.78,1.84,49.277527276759116,-122.90304136438918,335.1878008879721,0.0
2024-07-23 19:9:46.9820,-0.074,-0.549,-0.851,0.35,1.78,1.84,49.277527276759116,-122.90304136438918,335.1878008879721,0.0
2024-07-23 19:9:46.9920,-0.211,-0.654,-0.449,1.38,2.27,-0.93,49.277527276759116,-122.90304136438918,335.1878008879721,0.0
2024-07-23 19:9:47.0020,-0.273,-0.834,0.035,2.69,3.32,-4.89,49.277527276759116,-122.90304136438918,335.1878008879721,0.0
2024-07-23 19:9:47.0120,-0.175,-1.008,0.192,3.39,5.14,-9.64,49.277527276759116,-122.90304136438918,335.1878008879721,0.0
2024-07-23 19:9:47.0220,0.058,-1.07,-0.236,2.63,6.93,-11.19,49.277527276759116,-122.90304136438918,335.1878008879721,0.0
2024-07-23 19:9:47.0320,0.343,-1.051,-0.734,0.57,7.65,-7.0,49.277527276759116,-122.90304136438918,335.1878008879721,0.0
2024-07-23 19:9:47.0420,0.475,-0.872,-1.086,-2.03,7.55,-2.13,49.277527276759116,-122.90304136438918,335.1878008879721,0.0
2024-07-23 19:9:47.0520,0.441,-0.718,-1.328,-3.24,5.8,1.34,49.277527276759116,-122.90304136438918,335.1878008879721,0.0
2024-07-23 19:9:47.0630,0.237,-0.939,-1.122,-1.02,5.97,1.84,49.277527276759116,-122.90304136438918,335.1878008879721,0.0
2024-07-23 19:9:47.0730,-0.076,-0.589,-0.811,1.89,2.11,-1.08,49.277527276759116,-122.90304136438918,335.1878008879721,0.0
2024-07-23 19:9:47.0830,-0.386,0.084,-0.29,4.79,-5.0,-5.98,49.277527276759116,-122.90304136438918,335.1878008879721,0.0
2024-07-23 19:9:47.0930,-0.545,0.341,0.57,6.29,-8.02,-14.17,49.277527276759116,-122.90304136438918,335.1878008879721,0.0
2024-07-23 19:9:47.1030,-0.483,0.367,1.093,6.29,-8.02,-14.17,49.277527276759116,-122.90304136438918,335.1878008879721,0.0
2024-07-23 19:9:47.1130,-0.337,0.298,1.103,4.34,-8.27,-18.98,49.277527276759116,-122.90304136438918,335.1878008879721,0.0
2024-07-23 19:9:47.1230,-0.227,0.306,0.881,3.3,-8.5,-16.71,49.277527276759116,-122.90304136438918,335.1878008879721,0.0
2024-07-23 19:9:47.1330,-0.163,0.397,0.621,2.66,-9.43,-14.12,49.277527276759116,-122.90304136438918,335.1878008879721,0.0
2024-07-23 19:9:47.1450,-0.117,0.434,0.389,2.66,-9.43,-14.12,49.277527276759116,-122.90304136438918,335.1878008879721,0.0
2024-07-23 19:9:47.1540,-0.126,0.28,0.23,2.13,-9.79,-11.86,49.277527276759116,-122.90304136438918,335.1878008879721,0.0
2024-07-23 19:9:47.1630,-0.173,0.143,0.285,2.08,-8.26,-10.33,49.27752957308698,-122.90303868502032,334.9824839755893,0.0
2024-07-23 19:9:47.1730,-0.221,0.117,0.534,2.36,-6.89,-10.9,49.27752957308698,-122.90303868502032,334.9824839755893,0.0
2024-07-23 19:9:47.1830,-0.248,0.133,0.866,2.87,-6.75,-16.65,49.27752957308698,-122.90303868502032,334.9824839755893,0.0
2024-07-23 19:9:47.1930,-0.257,0.156,1.071,2.87,-6.75,-16.65,49.27752957308698,-122.90303868502032,334.9824839755893,0.0
2024-07-23 19:9:47.2030,-0.226,0.195,1.058,2.95,-6.94,-18.69,49.27752957308698,-122.90303868502032,334.9824839755893,0.0
2024-07-23 19:9:47.2140,-0.168,0.276,0.904,2.7,-7.26,-18.6,49.27752957308698,-122.90303868502032,334.9824839755893,0.0
2024-07-23 19:9:47.2240,-0.089,0.359,0.666,1.5,-8.66,-14.87,49.27752957308698,-122.90303868502032,334.9824839755893,0.0
2024-07-23 19:9:47.2340,-0.001,0.361,0.425,0.66,-8.57,-12.58,49.27752957308698,-122.90303868502032,334.9824839755893,0.0
2024-07-23 19:9:47.2440,0.039,0.291,0.258,0.66,-8.57,-12.58,49.27752957308698,-122.90303868502032,334.9824839755893,0.0
2024-07-23 19:9:47.2540,0.052,0.189,0.182,0.07,-6.72,-10.3,49.27752957308698,-122.90303868502032,334.9824839755893,0.0
2024-07-23 19:9:47.2650,0.034,0.11,0.217,0.18,-5.89,-10.67,49.27752957308698,-122.90303868502032,334.9824839755893,0.0
2024-07-23 19:9:47.2740,0.004,0.014,0.33,0.18,-5.89,-10.67,49.27752957308698,-122.90303868502032,334.9824839755893,0.0
2024-07-23 19:9:47.2850,-0.005,-0.077,0.415,0.52,-3.89,-12.71,49.27752957308698,-122.90303868502032,334.9824839755893,0.0
2024-07-23 19:9:47.2950,-0.036,-0.127,0.351,0.85,-3.25,-12.16,49.27752957308698,-122.90303868502032,334.9824839755893,0.0
2024-07-23 19:9:47.3050,-0.057,-0.155,0.184,0.85,-3.25,-12.16,49.27752957308698,-122.90303868502032,334.9824839755893,0.0
2024-07-23 19:9:47.3150,-0.027,-0.15,-0.029,0.87,-2.59,-8.63,49.27752957308698,-122.90303868502032,334.9824839755893,0.0
2024-07-23 19:9:47.3250,0.006,-0.08,-0.253,0.87,-2.59,-8.63,49.27752957308698,-122.90303868502032,334.9824839755893,0.0
2024-07-23 19:9:47.3350,0.065,0.024,-0.538,0.62,-3.04,-6.53,49.27752957308698,-122.90303868502032,334.9824839755893,0.0
2024-07-23 19:9:47.3450,0.123,0.077,-0.77,-0.41,-4.24,-1.59,49.27752957308698,-122.90303868502032,334.9824839755893,0.0
2024-07-23 19:9:47.3550,0.144,0.065,-0.889,-0.6,-4.04,-0.45,49.27752957308698,-122.90303868502032,334.9824839755893,0.0
2024-07-23 19:9:47.3650,0.144,0.023,-0.893,-0.62,-3.59,-0.43,49.27752957308698,-122.90303868502032,334.9824839755893,0.0
2024-07-23 19:9:47.3750,0.13,-0.014,-0.767,-0.51,-3.24,-1.66,49.27752957308698,-122.90303868502032,334.9824839755893,0.0
2024-07-23 19:9:47.3850,0.096,-0.035,-0.58,-0.51,-3.24,-1.66,49.27752957308698,-122.90303868502032,334.9824839755893,0.0
2024-07-23 19:9:47.3950,0.063,-0.055,-0.409,0.07,-2.9,-5.16,49.27752957308698,-122.90303868502032,334.9824839755893,0.0
2024-07-23 19:9:47.4050,0.045,-0.078,-0.266,0.22,-2.7,-6.56,49.27752957308698,-122.90303868502032,334.9824839755893,0.0
2024-07-23 19:9:47.4150,0.027,-0.089,-0.168,0.22,-2.7,-6.56,49.27752957308698,-122.90303868502032,334.9824839755893,0.0
2024-07-23 19:9:47.4250,0.009,-0.091,-0.109,0.36,-2.59,-7.52,49.27752957308698,-122.90303868502032,334.9824839755893,0.0
2024-07-23 19:9:47.4350,-0.002,-0.07,-0.094,0.6455446679145098,-2.7846607330441477,-8.23732586145401,49.27752957308698,-122.90303868502032,334.9824839755893,0.0
2024-07-23 19:9:47.4450,-0.003,-0.041,-0.122,0.64,-2.79,-8.24,49.27752957308698,-122.90303868502032,334.9824839755893,0.0
2024-07-23 19:9:47.4550,-0.011,-0.014,-0.15,0.66,-3.07,-7.96,49.27752957308698,-122.90303868502032,334.9824839755893,0.0
2024-07-23 19:9:47.4660,-0.031,0.028,-0.155,0.74,-3.36,-7.68,49.27752957308698,-122.90303868502032,334.9824839755893,0.0
2024-07-23 19:9:47.4760,-0.067,0.047,-0.13,1.3,-4.02,-7.85,49.27752957308698,-122.90303868502032,334.9824839755893,0.0
2024-07-23 19:9:47.4860,-0.114,0.051,-0.125,1.3,-4.02,-7.85,49.27752957308698,-122.90303868502032,334.9824839755893,0.0
2024-07-23 19:9:47.4960,-0.146,0.022,-0.159,1.77,-4.09,-7.89,49.27752957308698,-122.90303868502032,334.9824839755893,0.0
2024-07-23 19:9:47.5060,-0.173,-0.017,-0.188,2.1,-3.82,-7.55,49.27752957308698,-122.90303868502032,334.9824839755893,0.0
2024-07-23 19:9:47.5160,-0.185,-0.077,-0.194,2.37,-3.43,-7.26,49.27752957308698,-122.90303868502032,334.9824839755893,0.0
2024-07-23 19:9:47.5260,-0.157,-0.125,-0.25,2.49,-2.83,-7.21,49.27752957308698,-122.90303868502032,334.9824839755893,0.0
2024-07-23 19:9:47.5360,-0.103,-0.133,-0.374,2.22,-2.34,-6.66,49.27752957308698,-122.90303868502032,334.9824839755893,0.0
2024-07-23 19:9:47.5460,-0.057,-0.177,-0.491,1.7,-2.28,-5.45,49.27752957308698,-122.90303868502032,334.9824839755893,0.0
2024-07-23 19:9:47.5560,-0.041,-0.256,-0.576,1.09,-1.18,-3.42,49.27752957308698,-122.90303868502032,334.9824839755893,0.0
2024-07-23 19:9:47.5670,-0.054,-0.263,-0.616,1.23,-1.21,-2.98,49.27752957308698,-122.90303868502032,334.9824839755893,0.0
2024-07-23 19:9:47.5760,-0.09,-0.324,-0.526,1.65,-0.72,-3.81,49.27752957308698,-122.90303868502032,334.9824839755893,0.0
2024-07-23 19:9:47.5860,0.007,-0.443,-0.405,0.84,0.37,-4.95,49.27752957308698,-122.90303868502032,334.9824839755893,0.0
2024-07-23 19:9:47.5970,0.233,-0.531,-0.499,0.84,0.37,-4.95,49.27752957308698,-122.90303868502032,334.9824839755893,0.0
2024-07-23 19:9:47.6070,0.445,-0.611,-0.907,-1.15,1.23,-4.01,49.27752957308698,-122.90303868502032,334.9824839755893,0.0
2024-07-23 19:9:47.6170,0.406,-0.715,-1.621,-2.42,3.23,6.98,49.27752957308698,-122.90303868502032,334.9824839755893,0.0
2024-07-23 19:9:47.6270,0.342,-0.751,-2.119,-2.42,3.23,6.98,49.27752957308698,-122.90303868502032,334.9824839755893,0.0
2024-07-23 19:9:47.6370,0.437,-0.637,-2.102,-1.74,3.63,11.86,49.27752957308698,-122.90303868502032,334.9824839755893,0.0
2024-07-23 19:9:47.6470,0.535,-0.545,-1.675,-2.69,2.5,11.68,49.27752957308698,-122.90303868502032,334.9824839755893,0.0
2024-07-23 19:9:47.6570,0.571,-0.482,-1.451,-4.0,1.06,5.27,49.27752957308698,-122.90303868502032,334.9824839755893,0.0
2024-07-23 19:9:47.6670,0.628,-0.529,-1.532,-4.0,1.06,5.27,49.27752957308698,-122.90303868502032,334.9824839755893,0.0
2024-07-23 19:9:47.6770,0.723,-0.71,-1.722,-5.38,3.9,7.73,49.27752957308698,-122.90303868502032,334.9824839755893,0.0
2024-07-23 19:9:47.6880,0.817,-0.787,-2.049,-5.38,3.9,7.73,49.27752957308698,-122.90303868502032,334.9824839755893,0.0
2024-07-23 19:9:47.6970,0.874,-0.597,-2.486,-6.24,5.06,10.82,49.27752957308698,-122.90303868502032,334.9824839755893,0.0
2024-07-23 19:9:47.7080,0.826,-0.376,-2.858,-6.75,3.54,15.03,49.27752957308698,-122.90303868502032,334.9824839755893,0.0
2024-07-23 19:9:47.7180,0.703,-0.27,-2.942,-6.3,1.61,18.61,49.27752957308698,-122.90303868502032,334.9824839755893,0.0
2024-07-23 19:9:47.7280,0.557,-0.24,-2.768,-5.14,0.66,19.41,49.27752957308698,-122.90303868502032,334.9824839755893,0.0
2024-07-23 19:9:47.7380,0.419,-0.248,-2.431,-3.78,0.33,17.7,49.27752957308698,-122.90303868502032,334.9824839755893,0.0
2024-07-23 19:9:47.7490,0.305,-0.289,-2.053,-1.42,0.5,10.74,49.27752957308698,-122.90303868502032,334.9824839755893,0.0
2024-07-23 19:9:47.7580,0.248,-0.367,-1.73,-1.42,0.5,10.74,49.27752957308698,-122.90303868502032,334.9824839755893,0.0
2024-07-23 19:9:47.7680,0.24,-0.433,-1.531,-0.87,1.09,7.61,49.27752957308698,-122.90303868502032,334.9824839755893,0.0
2024-07-23 19:9:47.7780,0.257,-0.516,-1.496,-0.77,1.62,5.69,49.27752957308698,-122.90303868502032,334.9824839755893,0.0
2024-07-23 19:9:47.7880,0.292,-0.581,-1.589,-0.9,2.39,5.37,49.27752957308698,-122.90303868502032,334.9824839755893,0.0
2024-07-23 19:9:47.7980,0.337,-0.594,-1.732,-1.24,3.04,6.28,49.27752957308698,-122.90303868502032,334.9824839755893,0.0
2024-07-23 19:9:47.8080,0.34,-0.556,-1.861,-1.71,3.26,7.65,49.27752957308698,-122.90303868502032,334.9824839755893,0.0
2024-07-23 19:9:47.8180,0.31,-0.469,-1.942,-1.82,2.98,8.88,49.27752957308698,-122.90303868502032,334.9824839755893,0.0
2024-07-23 19:9:47.8290,0.259,-0.359,-1.979,-1.61,2.22,9.64,49.27752957308698,-122.90303868502032,334.9824839755893,0.0
2024-07-23 19:9:47.8390,0.207,-0.265,-1.97,-1.21,1.2,9.97,49.27752957308698,-122.90303868502032,334.9824839755893,0.0
2024-07-23 19:9:47.8500,0.171,-0.226,-1.92,-0.49,-0.08,9.37,49.27752957308698,-122.90303868502032,334.9824839755893,0.0
2024-07-23 19:9:47.8590,0.165,-0.231,-1.871,-0.45,-0.06,8.89,49.27752957308698,-122.90303868502032,334.9824839755893,0.0
2024-07-23 19:9:47.8690,0.198,-0.253,-1.858,-0.45,-0.06,8.89,49.27752957308698,-122.90303868502032,334.9824839755893,0.0
2024-07-23 19:9:47.8790,0.242,-0.283,-1.891,-1.1869772491604091,0.37407445192337035,9.11,49.27752957308698,-122.90303868502032,334.9824839755893,0.0
2024-07-23 19:9:47.8890,0.27,-0.314,-1.945,-1.45,0.63,9.65,49.27752957308698,-122.90303868502032,334.9824839755893,0.0
2024-07-23 19:9:47.8990,0.281,-0.345,-1.968,-1.45,0.63,9.65,49.27752957308698,-122.90303868502032,334.9824839755893,0.0
2024-07-23 19:9:47.9100,0.286,-0.363,-1.956,-1.56,0.88,9.89,49.27752957308698,-122.90303868502032,334.9824839755893,0.0
2024-07-23 19:9:47.9200,0.278,-0.374,-1.894,-1.5505830654501915,1.0816354930400849,9.188636273145676,49.27752957308698,-122.90303868502032,334.9824839755893,0.0
2024-07-23 19:9:47.9290,0.253,-0.383,-1.823,-1.56,1.08,9.18,49.27752957308698,-122.90303868502032,334.9824839755893,0.0
2024-07-23 19:9:47.9390,0.212,-0.385,-1.752,-1.34,1.12,8.49,49.27752957308698,-122.90303868502032,334.9824839755893,0.0
2024-07-23 19:9:47.9490,0.168,-0.379,-1.702,-0.97,1.11,7.81,49.27752957308698,-122.90303868502032,334.9824839755893,0.0
2024-07-23 19:9:47.9590,0.139,-0.368,-1.671,-0.31,0.9,7.02,49.27752957308698,-122.90303868502032,334.9824839755893,0.0
2024-07-23 19:9:47.9700,0.131,-0.357,-1.663,-0.26,0.78,6.94,49.27752957308698,-122.90303868502032,334.9824839755893,0.0
2024-07-23 19:9:47.9800,0.143,-0.343,-1.664,-0.41,0.63,6.95,49.27752957308698,-122.90303868502032,334.9824839755893,0.0
2024-07-23 19:9:47.9900,0.168,-0.327,-1.647,-0.69,0.44,6.79,49.27752957308698,-122.90303868502032,334.9824839755893,0.0
2024-07-23 19:9:48.0010,0.189,-0.321,-1.602,-0.92,0.33,6.36,49.27752957308698,-122.90303868502032,334.9824839755893,0.0
2024-07-23 19:9:48.0100,0.204,-0.32,-1.526,-1.1,0.25,5.63,49.27752957308698,-122.90303868502032,334.9824839755893,0.0
2024-07-23 19:9:48.0200,0.207,-0.318,-1.426,-1.1616031837463379,0.16,4.67,49.27752957308698,-122.90303868502032,334.9824839755893,0.0
2024-07-23 19:9:48.0300,0.202,-0.316,-1.329,-1.15,0.07,3.74,49.27752957308698,-122.90303868502032,334.9824839755893,0.0
2024-07-23 19:9:48.0400,0.193,-0.312,-1.236,-1.15,0.07,3.74,49.27752957308698,-122.90303868502032,334.9824839755893,0.0
2024-07-23 19:9:48.0510,0.187,-0.3,-1.151,-1.0513703779131174,-0.23133602410554888,2.04,49.27752957308698,-122.90303868502032,334.9824839755893,0.0
2024-07-23 19:9:48.0600,0.181,-0.288,-1.091,-1.06,-0.24,2.04,49.27752957308698,-122.90303868502032,334.9824839755893,0.0
2024-07-23 19:9:48.0710,0.18,-0.272,-1.033,-1.05,-0.63,0.91,49.27752957308698,-122.90303868502032,334.9824839755893,0.0
2024-07-23 19:9:48.0800,0.182,-0.258,-0.982,-1.12,-0.82,0.43,49.27752957308698,-122.90303868502032,334.9824839755893,0.0
2024-07-23 19:9:48.0910,0.177,-0.245,-0.917,-1.12,-1.0,-0.18,49.27752957308698,-122.90303868502032,334.9824839755893,0.0
2024-07-23 19:9:48.1010,0.16,-0.233,-0.825,-1.12,-1.0,-0.18,49.27752957308698,-122.90303868502032,334.9824839755893,0.0
2024-07-23 19:9:48.1110,0.136,-0.213,-0.73,-1.01,-1.18,-1.08,49.27752957308698,-122.90303868502032,334.9824839755893,0.0
2024-07-23 19:9:48.1210,0.114,-0.2,-0.644,-0.85,-1.44,-1.99,49.27752957308698,-122.90303868502032,334.9824839755893,0.0
2024-07-23 19:9:48.1300,0.09,-0.2,-0.563,-0.69,-1.63,-2.81,49.27752957308698,-122.90303868502032,334.9824839755893,0.0
2024-07-23 19:9:48.1410,0.072,-0.195,-0.487,-0.42,-1.8,-4.303118610978126,49.27752957308698,-122.90303868502032,334.9824839755893,0.0
2024-07-23 19:9:48.1510,0.063,-0.188,-0.429,-0.42,-1.8,-4.31,49.27752957308698,-122.90303868502032,334.9824839755893,0.0
2024-07-23 19:9:48.1610,0.054,-0.184,-0.377,-0.39,-1.93,-4.86,49.27752957308698,-122.90303868502032,334.9824839755893,0.0
2024-07-23 19:9:48.1700,0.039,-0.186,-0.338,-0.25,-2.01,-5.72,49.27753448432303,-122.90303653797689,337.38724960945547,1.390616596950584
2024-07-23 19:9:48.1810,0.026,-0.187,-0.308,-0.25,-2.01,-5.72,49.27753448432303,-122.90303653797689,337.38724960945547,1.390616596950584
2024-07-23 19:9:48.1910,0.028,-0.181,-0.295,-0.16,-2.02,-6.0,49.27753448432303,-122.90303653797689,337.38724960945547,1.390616596950584
2024-07-23 19:9:48.2010,0.039,-0.184,-0.29,-0.22,-2.1,-6.12,49.27753448432303,-122.90303653797689,337.38724960945547,1.390616596950584
2024-07-23 19:9:48.2110,0.059,-0.197,-0.284,-0.59,-1.98,-6.21,49.27753448432303,-122.90303653797689,337.38724960945547,1.390616596950584
2024-07-23 19:9:48.2210,0.08,-0.215,-0.282,-0.82,-1.82,-6.23,49.27753448432303,-122.90303653797689,337.38724960945547,1.390616596950584
2024-07-23 19:9:48.2320,0.088,-0.23,-0.286,-0.93,-1.7,-6.18,49.27753448432303,-122.90303653797689,337.38724960945547,1.390616596950584
2024-07-23 19:9:48.2420,0.09,-0.236,-0.304,-0.98,-1.66,-5.99,49.27753448432303,-122.90303653797689,337.38724960945547,1.390616596950584
2024-07-23 19:9:48.2520,0.088,-0.239,-0.335,-0.98,-1.66,-5.99,49.27753448432303,-122.90303653797689,337.38724960945547,1.390616596950584
2024-07-23 19:9:48.2620,0.064,-0.228,-0.338,-0.98,-1.65,-5.68,49.27753448432303,-122.90303653797689,337.38724960945547,1.390616596950584
2024-07-23 19:9:48.2720,0.013,-0.207,-0.336,-0.79,-1.77,-5.64,49.27753448432303,-122.90303653797689,337.38724960945547,1.390616596950584
2024-07-23 19:9:48.2820,-0.044,-0.186,-0.344,0.19,-2.24,-5.56,49.27753448432303,-122.90303653797689,337.38724960945547,1.390616596950584
2024-07-23 19:9:48.2920,-0.088,-0.186,-0.338,0.19,-2.24,-5.56,49.27753448432303,-122.90303653797689,337.38724960945547,1.390616596950584
2024-07-23 19:9:48.3020,-0.102,-0.205,-0.329,0.59,-2.27,-5.6,49.27753448432303,-122.90303653797689,337.38724960945547,1.390616596950584
2024-07-23 19:9:48.3120,-0.086,-0.22,-0.333,0.7,-2.13,-5.67,49.27753448432303,-122.90303653797689,337.38724960945547,1.390616596950584
2024-07-23 19:9:48.3220,-0.079,-0.241,-0.35,0.52,-2.02,-5.61,49.27753448432303,-122.90303653797689,337.38724960945547,1.390616596950584
2024-07-23 19:9:48.3320,-0.084,-0.26,-0.371,0.42,-1.85,-5.43,49.27753448432303,-122.90303653797689,337.38724960945547,1.390616596950584
2024-07-23 19:9:48.3420,-0.092,-0.267,-0.37,0.45,-1.69,-5.2,49.27753448432303,-122.90303653797689,337.38724960945547,1.390616596950584
2024-07-23 19:9:48.3520,-0.09,-0.26,-0.308,0.49,-1.64,-5.2,49.27753448432303,-122.90303653797689,337.38724960945547,1.390616596950584
2024-07-23 19:9:48.3680,-0.117,-0.277,-0.344,0.72,-1.68,-5.39,49.27753448432303,-122.90303653797689,337.38724960945547,1.390616596950584
2024-07-23 19:9:48.3740,-0.116,-0.332,-0.379,0.71,-1.23,-5.01,49.27753448432303,-122.90303653797689,337.38724960945547,1.390616596950584
2024-07-23 19:9:48.3830,-0.125,-0.414,-0.384,0.81,-0.52,-4.91,49.27753448432303,-122.90303653797689,337.38724960945547,1.390616596950584
2024-07-23 19:9:48.3930,-0.136,-0.477,-0.411,0.94,0.0,-4.59,49.27753448432303,-122.90303653797689,337.38724960945547,1.390616596950584
2024-07-23 19:9:48.4030,-0.138,-0.529,-0.418,0.94,0.0,-4.59,49.27753448432303,-122.90303653797689,337.38724960945547,1.390616596950584
2024-07-23 19:9:48.4130,-0.137,-0.555,-0.474,0.99,0.43,-4.47,49.27753448432303,-122.90303653797689,337.38724960945547,1.390616596950584
2024-07-23 19:9:48.4230,-0.135,-0.556,-0.526,1.04,0.56,-3.34,49.27753448432303,-122.90303653797689,337.38724960945547,1.390616596950584
2024-07-23 19:9:48.4340,-0.132,-0.552,-0.589,1.04,0.56,-3.34,49.27753448432303,-122.90303653797689,337.38724960945547,1.390616596950584
2024-07-23 19:9:48.4430,-0.133,-0.552,-0.645,1.05,0.51,-2.72,49.27753448432303,-122.90303653797689,337.38724960945547,1.390616596950584

