time,ax,ay,az,speed,label
0.0,-0.213,1.404,0.962,0.812,Walk
0.01,0.311,1.0,0.679,0.713,Walk
0.02,0.404,0.691,0.72,0.721,Walk
0.03,0.343,0.439,0.786,0.739,Walk
0.04,0.263,0.234,0.828,0.749,Walk
0.05,0.07,0.171,0.878,0.742,Walk
0.06,-0.359,0.325,1.33,0.699,Walk
0.07,-0.836,0.391,2.574,0.606,Walk
0.08,-1.158,0.358,4.055,0.497,Walk
0.09,-1.32,0.204,5.072,0.435,Walk
0.1,-1.307,-0.12,5.367,0.449,Walk
0.11,-1.093,-0.547,4.742,0.549,Walk
0.12,-0.643,-0.785,3.515,0.671,Walk
0.13,-0.076,-0.68,2.384,0.746,Walk
0.14,0.521,-0.496,1.698,0.765,Walk
0.16,0.955,-0.531,1.161,0.788,Walk
0.17,1.139,-0.734,0.745,0.825,Walk
0.18,1.132,-1.03,0.948,0.826,Walk
0.2,0.944,-1.407,1.025,0.861,Walk
0.21,0.792,-1.547,0.771,0.905,Walk
0.23,0.716,-1.449,0.194,0.953,Walk
0.24,0.674,-1.357,-0.448,1.006,Walk
0.26,0.669,-1.317,-0.896,1.045,Walk
0.27,0.689,-1.271,-1.328,1.08,Walk
0.28,0.722,-1.194,-1.923,1.124,Walk
0.3,0.735,-0.904,-2.543,1.151,Walk
0.32,0.705,-0.585,-2.862,1.153,Walk
0.33,0.691,-0.423,-3.009,1.151,Walk
0.34,0.644,-0.3,-3.117,1.152,Walk
0.35,0.623,-0.181,-3.177,1.151,Walk
0.36,0.671,-0.094,-3.158,1.14,Walk
0.37,0.703,-0.061,-3.046,1.124,Walk
0.38,0.699,-0.103,-2.861,1.11,Walk
0.39,0.685,-0.173,-2.664,1.097,Walk
0.4,0.64,-0.215,-2.458,1.084,Walk
0.41,0.601,-0.195,-2.266,1.067,Walk
0.42,0.572,-0.166,-2.087,1.047,Walk
0.43,0.495,-0.155,-1.946,1.036,Walk
0.44,0.439,-0.137,-1.807,1.024,Walk
0.45,0.381,-0.09,-1.657,1.009,Walk
0.46,0.339,0.027,-1.597,0.997,Walk
0.47,0.34,0.196,-1.578,0.98,Walk
0.48,0.359,0.304,-1.469,0.959,Walk
0.49,0.352,0.344,-1.252,0.938,Walk
0.5,0.387,0.32,-1.003,0.92,Walk
0.51,0.488,0.319,-0.791,0.9,Walk
0.52,0.621,0.34,-0.56,0.87,Walk
0.53,0.712,0.402,-0.296,0.832,Walk
0.54,0.7,0.525,0.056,0.786,Walk
0.55,0.635,0.658,0.457,0.742,Walk
0.56,0.595,0.749,0.803,0.704,Walk
0.57,0.568,0.766,1.161,0.663,Walk
0.58,0.398,0.665,1.539,0.638,Walk
0.59,0.121,0.576,1.774,0.633,Walk
0.6,-0.158,0.605,1.828,0.631,Walk
0.61,-0.495,0.757,1.833,0.624,Walk
0.62,-0.902,1.031,1.854,0.612,Walk
0.63,-1.281,1.323,1.963,0.596,Walk
0.64,-1.537,1.332,2.308,0.579,Walk
0.65,-1.678,0.975,2.931,0.568,Walk
0.66,-1.683,0.36,3.68,0.565,Walk
0.67,-1.517,-0.351,4.353,0.561,Walk
0.68,-1.413,-1.038,4.666,0.582,Walk
0.69,-1.479,-1.62,4.413,0.658,Walk
0.7,-1.554,-1.831,3.608,0.76,Walk
0.71,-1.477,-1.537,2.521,0.832,Walk
0.72,-1.344,-0.951,1.426,0.872,Walk
0.73,-1.251,-0.396,0.476,0.901,Walk
0.74,-1.23,0.032,-0.292,0.93,Walk
0.75,-1.229,0.3,-0.802,0.948,Walk
0.76,-1.287,0.396,-1.042,0.962,Walk
0.77,-1.366,0.39,-1.105,0.972,Walk
0.78,-1.418,0.374,-1.069,0.976,Walk
0.79,-1.403,0.328,-0.884,0.965,Walk
0.8,-1.366,0.179,-0.602,0.954,Walk
0.81,-1.293,-0.039,-0.419,0.961,Walk
0.82,-1.113,-0.205,-0.425,0.974,Walk
0.83,-0.864,-0.3,-0.604,0.992,Walk
0.84,-0.593,-0.388,-0.881,1.014,Walk
0.85,-0.359,-0.457,-1.223,1.042,Walk
0.86,-0.147,-0.447,-1.64,1.071,Walk
0.87,0.067,-0.347,-2.058,1.094,Walk
0.88,0.3,-0.24,-2.485,1.112,Walk
0.89,0.472,-0.137,-2.811,1.126,Walk
0.9,0.632,-0.068,-3.023,1.133,Walk
0.91,0.79,-0.004,-3.12,1.127,Walk
0.92,0.879,0.062,-3.103,1.112,Walk
0.93,0.886,0.168,-2.909,1.08,Walk
0.94,0.805,0.285,-2.646,1.048,Walk
0.95,0.714,0.384,-2.418,1.026,Walk
0.96,0.715,0.469,-2.248,1.004,Walk
0.97,0.726,0.475,-2.06,0.982,Walk
0.98,0.648,0.388,-1.848,1.004,Walk
0.99,0.565,0.338,-1.736,1.004,Walk
1.0,0.519,0.353,-1.673,0.998,Walk
1.01,0.455,0.453,-1.671,0.981,Walk
1.02,0.19,0.622,-1.702,1.0,Walk
1.03,0.384,0.752,-1.38,0.951,Walk
1.04,0.527,0.858,-1.115,0.896,Walk
1.05,0.306,0.822,-1.295,0.932,Walk
1.06,0.333,0.723,-1.212,0.936,Walk
1.07,0.41,0.738,-1.132,0.925,Walk
1.08,0.485,0.772,-1.025,0.904,Walk
1.09,0.442,0.746,-0.924,0.897,Walk
1.1,0.382,0.663,-0.648,0.882,Walk
1.11,0.337,0.57,-0.161,0.848,Walk
1.12,0.286,0.484,0.305,0.816,Walk
1.13,0.234,0.344,0.733,0.792,Walk
1.14,0.207,0.218,1.132,0.762,Walk
1.15,0.05,0.242,1.288,0.745,Walk
1.16,-0.205,0.436,1.245,0.739,Walk
1.17,-0.467,0.768,1.062,0.745,Walk
1.18,-0.56,1.182,0.548,0.772,Walk
1.19,-0.358,1.552,0.145,0.772,Walk
1.2,-0.069,1.586,0.49,0.714,Walk
1.21,-0.058,1.136,1.443,0.647,Walk
1.22,-0.42,0.39,2.77,0.583,Walk
1.24,-1.204,-0.678,4.776,0.545,Walk
1.25,-1.655,-1.277,5.235,0.593,Walk
1.26,-1.733,-1.11,4.276,0.686,Walk
1.27,-1.5,-0.804,2.351,0.84,Walk
1.28,-0.877,0.007,1.056,0.879,Walk
1.29,-0.03,0.942,-0.135,0.859,Walk
1.3,0.545,1.63,-0.75,0.812,Walk
1.31,0.732,1.984,-0.695,0.76,Walk
1.32,0.746,1.686,-0.259,0.74,Walk
1.33,0.629,1.031,0.217,0.751,Walk
1.34,0.358,0.391,0.602,0.786,Walk
1.35,0.145,-0.144,0.639,0.844,Walk
1.36,0.057,-0.424,0.51,0.893,Walk
1.37,0.139,-0.435,0.256,0.918,Walk
1.38,0.259,-0.287,-0.083,0.933,Walk
1.39,0.404,-0.155,-0.594,0.958,Walk
1.4,0.469,-0.102,-1.17,0.998,Walk
1.41,0.456,-0.067,-1.715,1.041,Walk
1.42,0.379,-0.019,-2.186,1.081,Walk
1.43,0.288,-0.001,-2.629,1.125,Walk
1.44,0.254,0.074,-2.96,1.159,Walk
1.45,0.389,0.233,-3.067,1.156,Walk
1.46,0.619,0.267,-3.046,1.135,Walk
1.47,0.676,0.096,-3.058,1.147,Walk
1.48,0.711,-0.128,-2.967,1.16,Walk
1.49,0.784,-0.344,-2.823,1.162,Walk
1.5,0.816,-0.489,-2.821,1.174,Walk
1.51,0.854,-0.501,-2.981,1.181,Walk
1.52,0.756,-0.319,-3.202,1.186,Walk
1.54,0.648,-0.071,-3.165,1.172,Walk
1.55,0.669,0.083,-3.097,1.155,Walk
1.56,0.746,0.181,-3.097,1.14,Walk
1.57,0.768,0.283,-3.042,1.123,Walk
1.58,0.755,0.346,-2.896,1.099,Walk
1.59,0.648,0.302,-2.657,1.087,Walk
1.6,0.568,0.111,-2.294,1.079,Walk
1.61,0.576,-0.038,-2.011,1.072,Walk
1.62,0.687,0.038,-1.839,1.053,Walk
1.63,0.939,0.191,-1.52,1.0,Walk
1.64,1.133,0.112,-1.216,0.969,Walk
1.65,1.258,-0.166,-0.815,0.935,Walk
1.67,1.053,-0.474,-0.419,0.917,Walk
1.68,0.561,-0.587,0.039,0.902,Walk
1.69,0.102,-0.263,0.583,0.836,Walk
1.7,-0.423,0.543,0.997,0.74,Walk
1.71,-1.021,1.415,1.329,0.651,Walk
1.72,-1.63,1.884,1.857,0.592,Walk
1.73,-2.003,2.327,2.696,0.495,Walk
1.74,-2.281,2.55,3.794,0.387,Walk
1.75,-2.554,2.137,4.859,0.344,Walk
1.76,-2.703,1.084,5.589,0.367,Walk
1.77,-3.029,-0.285,6.358,0.426,Walk
1.78,-3.452,-1.435,6.922,0.509,Walk
1.79,-3.585,-1.984,6.77,0.589,Walk
1.8,-3.506,-1.893,5.842,0.669,Walk
1.81,-3.311,-1.396,4.459,0.754,Walk
1.82,-2.912,-0.939,3.148,0.818,Walk
1.83,-2.526,-0.678,2.044,0.874,Walk
1.84,-2.264,-0.508,1.164,0.932,Walk
1.85,-1.962,-0.386,0.555,0.971,Walk
1.86,-1.573,-0.232,0.01,0.995,Walk
1.87,-1.161,-0.027,-0.444,1.002,Walk
1.88,-0.785,0.183,-0.817,1.002,Walk
1.89,-0.45,0.387,-1.199,1.008,Walk
1.9,-0.102,0.547,-1.528,1.009,Walk
1.91,0.194,0.625,-1.81,1.016,Walk
1.92,0.465,0.667,-2.021,1.02,Walk
1.93,0.715,0.584,-2.052,1.014,Walk
1.94,0.811,0.473,-2.025,1.016,Walk
1.95,0.861,0.52,-2.049,1.017,Walk
1.96,0.988,0.632,-2.239,1.024,Walk
1.97,1.197,0.677,-2.527,1.038,Walk
1.98,1.381,0.673,-2.96,1.071,Walk
1.99,1.562,0.685,-3.452,1.101,Walk
2.0,1.649,0.722,-3.839,1.089,Walk
2.01,1.638,0.789,-4.216,1.113,Walk
2.02,1.588,0.886,-4.422,1.119,Walk
2.03,1.451,1.022,-4.278,1.097,Walk
2.04,1.287,1.171,-3.861,1.05,Walk
2.05,1.079,1.26,-3.297,1.001,Walk
2.06,0.928,1.25,-2.764,0.96,Walk
2.07,0.784,1.179,-2.392,0.939,Walk
2.08,0.677,1.03,-2.118,0.938,Walk
2.09,0.702,0.849,-1.838,0.933,Walk
2.1,0.807,0.723,-1.685,0.925,Walk
2.11,0.88,0.712,-1.622,0.913,Walk
2.12,0.857,0.848,-1.525,0.893,Walk
2.13,0.839,1.044,-1.459,0.871,Walk
2.14,0.853,1.214,-1.254,0.831,Walk
2.15,0.777,1.339,-0.788,0.781,Walk
2.16,0.708,1.312,-0.141,0.73,Walk
2.17,0.674,1.009,0.653,0.693,Walk
2.18,0.761,0.52,1.372,0.667,Walk
2.19,0.811,0.002,2.123,0.631,Walk
2.2,0.619,-0.32,2.847,0.596,Walk
2.21,0.336,-0.348,3.291,0.571,Walk
2.22,0.108,-0.159,3.419,0.557,Walk
2.23,0.003,0.321,3.049,0.571,Walk
2.24,0.278,0.944,2.528,0.562,Walk
2.25,0.787,0.895,3.461,0.434,Walk
2.26,0.653,-0.191,5.515,0.326,Walk
2.27,0.075,-1.239,7.27,0.276,Walk
2.28,-0.542,-1.775,9.016,0.204,Walk
2.29,-0.935,-2.283,9.559,0.233,Walk
2.3,-1.004,-2.655,8.537,0.377,Walk
2.31,-0.734,-2.422,6.679,0.53,Walk
2.32,-0.179,-1.622,4.408,0.644,Walk
2.33,0.345,-0.818,2.135,0.749,Walk
2.34,0.684,-0.292,0.399,0.833,Walk
2.35,0.803,-0.043,-0.337,0.858,Walk
2.36,0.642,-0.203,-0.084,0.853,Walk
2.37,0.421,-0.597,0.423,0.849,Walk
2.38,0.176,-0.967,0.695,0.862,Walk
2.39,-0.151,-1.375,0.736,0.92,Walk
2.4,-0.197,-1.517,0.565,0.963,Walk
2.41,-0.026,-1.252,-0.144,0.995,Walk
2.42,0.033,-0.891,-1.815,1.117,Walk
2.43,0.263,-0.6,-3.162,1.202,Walk
2.44,0.516,-0.828,-2.583,1.135,Walk
2.45,0.104,-1.057,-3.133,1.25,Walk
2.46,0.419,-0.938,-3.22,1.233,Walk
2.47,0.554,-1.119,-3.662,1.273,Walk
2.48,0.483,-1.389,-4.257,1.352,Walk
2.49,0.457,-1.329,-4.486,1.372,Walk
2.5,0.46,-1.149,-4.756,1.377,Walk
2.51,0.403,-0.952,-4.95,1.372,Walk
2.52,0.245,-0.714,-4.787,1.342,Walk
2.53,0.092,-0.47,-4.675,1.319,Walk
2.54,0.009,-0.286,-4.737,1.301,Walk
2.55,-0.235,-0.121,-4.337,1.266,Walk
2.56,-0.342,0.274,-4.343,1.237,Walk
2.57,-0.403,0.501,-4.427,1.217,Walk
2.58,-0.604,0.461,-3.725,1.175,Walk
2.59,-0.639,0.251,-3.355,1.163,Walk
2.6,-0.663,-0.075,-3.0,1.17,Walk
2.61,-0.503,-0.366,-2.738,1.175,Walk
2.62,-0.207,-0.519,-2.66,1.173,Walk
2.63,0.117,-0.579,-2.514,1.147,Walk
2.64,0.308,-0.643,-2.004,1.092,Walk
2.65,0.34,-0.662,-1.49,1.039,Walk
2.66,0.245,-0.554,-1.028,0.991,Walk
2.67,0.151,-0.387,-0.624,0.946,Walk
2.68,0.121,-0.378,-0.29,0.918,Walk
2.69,0.122,-0.602,0.013,0.91,Walk
2.7,0.117,-0.954,0.311,0.92,Walk
2.71,0.203,-1.252,0.547,0.921,Walk
2.72,0.276,-1.256,0.807,0.886,Walk
2.73,0.18,-0.909,0.982,0.838,Walk
2.74,0.011,-0.338,1.147,0.768,Walk
2.75,-0.312,0.471,1.441,0.671,Walk
2.76,-0.767,1.43,2.12,0.536,Walk
2.77,-1.276,1.924,3.324,0.403,Walk
2.78,-1.751,1.662,4.768,0.322,Walk
2.79,-2.047,0.874,6.102,0.294,Walk
2.8,-2.14,-0.184,7.106,0.313,Walk
2.81,-2.028,-1.207,7.647,0.369,Walk
2.83,-1.658,-2.145,6.864,0.504,Walk
2.85,-1.442,-1.937,4.063,0.715,Walk
2.87,-1.427,-0.784,1.209,0.86,Walk
2.89,-1.537,0.221,-0.357,0.915,Walk
2.91,-1.663,0.622,-0.603,0.924,Walk
2.93,-1.479,0.732,-0.513,0.919,Walk
2.95,-0.978,0.719,-0.666,0.916,Walk
2.97,-0.508,0.721,-1.08,0.93,Walk
2.98,-0.181,0.699,-1.545,0.965,Walk
2.99,0.189,0.7,-2.084,1.008,Walk
3.0,0.662,0.705,-2.737,1.093,Walk
3.02,0.997,0.697,-3.207,1.118,Walk
3.03,1.183,0.772,-3.465,1.13,Walk
3.04,1.381,0.769,-3.719,1.145,Walk
3.05,1.556,0.738,-3.952,1.159,Walk
3.06,1.672,0.77,-4.103,1.165,Walk
3.07,1.761,0.793,-4.105,1.157,Walk
3.08,1.805,0.825,-4.045,1.146,Walk
3.09,1.828,0.919,-3.91,1.122,Walk
3.1,1.802,1.049,-3.729,1.091,Walk
3.11,1.72,1.234,-3.449,1.049,Walk
3.12,1.588,1.384,-3.018,1.001,Walk
3.13,1.458,1.461,-2.473,0.951,Walk
3.14,1.357,1.403,-1.902,0.908,Walk
3.15,1.242,1.353,-1.442,0.875,Walk
3.16,1.151,1.357,-1.039,0.844,Walk
3.17,1.105,1.309,-0.585,0.808,Walk
3.18,1.037,1.159,-0.078,0.777,Walk
3.19,0.963,0.936,0.428,0.754,Walk
3.2,0.884,0.624,0.921,0.74,Walk
3.21,0.803,0.298,1.304,0.74,Walk
3.22,0.757,0.053,1.411,0.753,Walk
3.23,0.707,-0.087,1.33,0.772,Walk
3.24,0.615,-0.096,1.306,0.771,Walk
3.25,0.418,0.043,1.483,0.745,Walk
3.26,0.133,0.242,1.725,0.714,Walk
3.27,-0.171,0.518,1.852,0.688,Walk
3.28,-0.442,0.884,2.174,0.641,Walk
3.29,-0.598,1.141,2.91,0.567,Walk
3.3,-0.596,1.12,3.582,0.512,Walk
3.31,-0.539,0.681,4.392,0.474,Walk
3.32,-0.526,-0.2,5.299,0.463,Walk
3.33,-0.656,-1.005,5.765,0.496,Walk
3.34,-0.822,-1.433,5.594,0.56,Walk
3.35,-0.899,-1.565,4.909,0.644,Walk
3.36,-0.848,-1.544,3.985,0.727,Walk
3.37,-0.728,-1.443,3.109,0.79,Walk
3.38,-0.664,-1.334,2.565,0.824,Walk
3.39,-0.657,-1.324,2.387,0.833,Walk
3.4,-0.763,-1.372,2.428,0.834,Walk
3.41,-0.94,-1.446,2.465,0.846,Walk
3.42,-1.056,-1.465,2.343,0.869,Walk
3.43,-1.071,-1.437,1.958,0.908,Walk
3.44,-0.971,-1.412,1.453,0.952,Walk
3.45,-0.801,-1.374,0.831,1.001,Walk
3.46,-0.604,-1.347,0.091,1.059,Walk
3.47,-0.411,-1.348,-0.719,1.127,Walk
3.48,-0.184,-1.366,-1.574,1.198,Walk
3.49,0.037,-1.389,-2.386,1.264,Walk
3.5,0.21,-1.384,-3.099,1.319,Walk
3.51,0.334,-1.346,-3.657,1.357,Walk
3.52,0.38,-1.295,-3.98,1.378,Walk
3.53,0.382,-1.218,-4.145,1.384,Walk
3.54,0.341,-1.078,-4.186,1.376,Walk
3.55,0.29,-0.924,-4.156,1.36,Walk
3.56,0.218,-0.746,-4.15,1.347,Walk
3.57,0.177,-0.539,-4.204,1.339,Walk
3.58,0.213,-0.436,-4.225,1.33,Walk
3.59,0.233,-0.361,-4.238,1.323,Walk
3.6,0.254,-0.278,-4.173,1.31,Walk
3.61,0.291,-0.298,-4.064,1.3,Walk
3.62,0.302,-0.379,-3.92,1.293,Walk
3.63,0.312,-0.404,-3.742,1.279,Walk
3.64,0.321,-0.386,-3.494,1.25,Walk
3.65,0.251,-0.419,-3.225,1.231,Walk
3.66,0.179,-0.343,-2.987,1.206,Walk
3.67,0.136,-0.16,-2.734,1.169,Walk
3.68,0.094,-0.076,-2.429,1.133,Walk
3.69,0.017,-0.085,-2.043,1.103,Walk
3.7,-0.032,-0.171,-1.684,1.086,Walk
3.71,0.015,-0.312,-1.455,1.081,Walk
3.72,0.155,-0.404,-1.27,1.068,Walk
3.73,0.296,-0.421,-1.165,1.05,Walk
3.74,0.349,-0.605,-0.839,1.033,Walk
3.75,0.344,-0.865,-0.44,1.025,Walk
3.76,0.436,-1.033,-0.079,1.004,Walk
3.77,0.516,-1.028,0.323,0.96,Walk
3.78,0.512,-0.868,0.653,0.909,Walk
3.79,0.382,-0.521,0.716,0.866,Walk
3.8,0.08,0.03,0.659,0.826,Walk
3.81,-0.3,0.785,0.77,0.762,Walk
3.82,-0.658,1.722,0.945,0.682,Walk
3.83,-0.856,2.516,1.289,0.583,Walk
3.84,-1.091,2.726,2.378,0.469,Walk
3.85,-1.452,2.267,3.849,0.394,Walk
3.86,-1.729,1.544,5.104,0.358,Walk
3.87,-1.931,0.836,6.126,0.335,Walk
3.88,-2.168,0.054,6.833,0.353,Walk
3.89,-2.358,-0.793,7.203,0.413,Walk
3.9,-2.34,-1.415,6.943,0.5,Walk
3.91,-2.195,-1.521,5.895,0.599,Walk
3.92,-2.045,-1.266,4.372,0.702,Walk
3.93,-2.011,-0.852,2.949,0.79,Walk
3.94,-1.997,-0.415,1.826,0.852,Walk
3.95,-1.986,-0.056,1.141,0.881,Walk
3.96,-1.972,0.204,0.784,0.895,Walk
3.97,-1.876,0.311,0.531,0.918,Walk
3.98,-1.697,0.332,0.19,1.167,Walk
3.99,-1.393,0.342,-0.223,1.204,Walk
4.0,-1.036,0.357,-0.759,1.241,Walk
4.01,-0.668,0.357,-1.443,1.291,Walk
4.02,-0.286,0.332,-2.157,1.344,Walk
4.03,0.077,0.319,-2.828,1.391,Walk
4.04,0.397,0.311,-3.428,1.431,Walk
4.05,0.645,0.353,-3.96,1.464,Walk
4.06,0.836,0.424,-4.298,1.477,Walk
4.07,0.931,0.483,-4.428,1.479,Walk
4.08,1.009,0.464,-4.412,1.478,Walk
4.09,1.115,0.39,-4.339,1.474,Walk
4.1,1.206,0.289,-4.269,1.473,Walk
4.11,1.278,0.151,-4.179,1.474,Walk
4.12,1.339,0.009,-4.107,1.476,Walk
4.13,1.359,-0.0,-4.036,1.467,Walk
4.14,1.331,0.118,-3.967,1.443,Walk
4.16,1.169,0.415,-3.829,1.407,Walk
4.17,0.959,0.754,-3.63,1.373,Walk
4.19,0.889,0.94,-3.431,1.341,Walk
4.2,0.846,1.143,-2.999,1.289,Walk
4.22,0.858,1.27,-2.568,1.237,Walk
4.23,0.86,1.269,-1.956,1.176,Walk
4.24,0.775,1.127,-0.848,1.093,Walk
4.25,0.708,0.891,0.416,1.005,Walk
4.26,0.661,0.662,1.063,0.961,Walk
4.28,0.481,0.564,1.371,0.942,Walk
4.29,0.204,0.589,1.482,0.933,Walk
4.3,-0.157,0.833,1.632,0.916,Walk
4.31,-0.393,1.302,1.972,0.86,Walk
4.32,-0.464,1.626,2.422,0.795,Walk
4.33,-0.525,1.588,2.903,0.771,Walk
4.34,-0.328,1.565,3.263,0.752,Walk
4.35,0.195,1.673,3.221,0.725,Walk
4.36,0.635,1.564,3.179,0.707,Walk
4.37,0.781,1.206,3.511,0.692,Walk
4.38,0.708,0.781,3.892,0.689,Walk
4.39,0.478,0.49,4.18,0.697,Walk
4.4,0.257,0.327,4.356,0.702,Walk
4.41,0.01,0.108,4.465,0.717,Walk
4.42,-0.289,-0.28,4.834,0.728,Walk
4.43,-0.598,-0.8,5.433,0.736,Walk
4.44,-0.823,-1.161,5.766,0.756,Walk
4.45,-0.882,-1.36,5.675,0.79,Walk
4.46,-0.836,-1.488,5.279,0.837,Walk
4.47,-0.766,-1.658,4.746,0.898,Walk
4.48,-0.719,-1.869,4.025,0.983,Walk
4.49,-0.628,-2.052,3.189,1.077,Walk
4.5,-0.437,-2.141,2.215,1.168,Walk
4.51,-0.222,-2.161,1.23,1.251,Walk
4.52,-0.034,-2.159,0.296,1.331,Walk
4.53,0.182,-2.093,-0.694,1.407,Walk
4.54,0.408,-1.962,-1.667,1.472,Walk
4.55,0.56,-1.868,-2.559,1.535,Walk
4.56,0.652,-1.792,-3.258,1.587,Walk
4.57,0.717,-1.636,-3.772,1.615,Walk
4.58,0.741,-1.453,-4.16,1.628,Walk
4.59,0.667,-1.229,-4.435,1.631,Walk
4.6,0.531,-0.93,-4.536,1.617,Walk
4.61,0.388,-0.736,-4.4,1.595,Walk
4.62,0.299,-0.749,-4.075,1.572,Walk
4.63,0.246,-0.979,-3.605,1.555,Walk
4.64,0.238,-1.234,-3.308,1.556,Walk
4.65,0.301,-1.409,-3.282,1.569,Walk
4.66,0.408,-1.471,-3.483,1.585,Walk
4.67,0.443,-1.376,-3.811,1.599,Walk
4.68,0.384,-1.102,-4.085,1.6,Walk
4.69,0.298,-0.821,-4.176,1.584,Walk
4.7,0.194,-0.626,-3.977,1.552,Walk
4.71,0.067,-0.544,-3.663,1.523,Walk
4.72,-0.001,-0.562,-3.194,1.487,Walk
4.73,-0.033,-0.731,-2.677,1.462,Walk
4.74,0.027,-0.895,-2.311,1.445,Walk
4.75,0.156,-0.996,-2.033,1.424,Walk
4.76,0.271,-1.039,-1.874,1.406,Walk
4.77,0.313,-0.868,-1.897,1.386,Walk
4.78,0.278,-0.734,-1.926,1.369,Walk
4.79,0.079,-0.861,-1.762,1.37,Walk
4.8,-0.171,-1.163,-1.543,1.389,Walk
4.81,-0.341,-1.462,-1.319,1.411,Walk
4.82,-0.327,-1.561,-1.065,1.399,Walk
4.83,-0.27,-1.38,-0.888,1.359,Walk
4.84,-0.324,-1.126,-0.573,1.3,Walk
4.85,-0.549,-0.95,-0.011,1.238,Walk
4.86,-0.833,-0.631,0.417,1.184,Walk
4.87,-1.035,-0.116,0.505,1.146,Walk
4.88,-1.041,0.873,0.355,1.077,Walk
4.89,-0.917,1.776,0.663,0.949,Walk
4.9,-1.072,1.927,1.877,0.813,Walk
4.91,-1.545,1.516,3.789,0.692,Walk
4.92,-2.024,0.79,5.948,0.578,Walk
4.93,-2.515,-0.29,8.203,0.486,Walk
4.94,-3.066,-1.375,10.007,0.456,Walk
4.95,-3.34,-2.079,10.497,0.512,Walk
4.96,-3.117,-2.168,9.25,0.638,Walk
4.97,-2.64,-1.577,6.869,0.775,Walk
4.98,-2.307,-0.759,4.617,0.88,Walk
4.99,-2.269,-0.026,3.167,1.05,Walk
5.0,-2.413,0.65,2.49,1.058,Walk
5.01,-2.592,1.1,2.354,1.042,Walk
5.02,-2.667,1.24,2.512,1.027,Walk
5.03,-2.591,1.215,2.56,1.034,Walk
5.04,-2.324,1.012,2.282,1.074,Walk
5.05,-1.958,0.779,1.732,1.135,Walk
5.06,-1.541,0.647,0.871,1.211,Walk
5.07,-1.116,0.647,-0.239,1.294,Walk
5.08,-0.754,0.71,-1.416,1.378,Walk
5.09,-0.461,0.787,-2.484,1.455,Walk
5.1,-0.225,0.889,-3.301,1.51,Walk
5.11,-0.025,0.942,-3.907,1.554,Walk
5.12,0.188,0.925,-4.317,1.585,Walk
5.13,0.394,0.872,-4.561,1.601,Walk
5.14,0.529,0.817,-4.638,1.606,Walk
5.15,0.623,0.753,-4.584,1.603,Walk
5.16,0.698,0.679,-4.462,1.597,Walk
5.17,0.781,0.646,-4.324,1.586,Walk
5.18,0.886,0.604,-4.188,1.574,Walk
5.19,0.994,0.548,-4.128,1.565,Walk
5.2,1.004,0.572,-4.153,1.558,Walk
5.21,0.898,0.681,-4.211,1.557,Walk
5.22,0.808,0.871,-4.231,1.547,Walk
5.23,0.763,1.123,-4.225,1.526,Walk
5.24,0.721,1.296,-3.994,1.491,Walk
5.25,0.686,1.331,-3.649,1.464,Walk
5.26,0.752,1.294,-3.382,1.442,Walk
5.27,0.839,1.304,-3.234,1.425,Walk
5.28,0.939,1.255,-3.074,1.405,Walk
5.29,0.916,1.193,-2.646,1.369,Walk
5.3,0.831,1.222,-2.096,1.321,Walk
5.31,0.782,1.239,-1.506,1.263,Walk
5.32,0.624,1.173,-0.883,1.218,Walk
5.33,0.465,0.988,-0.277,1.189,Walk
5.34,0.394,0.781,0.158,1.17,Walk
5.35,0.303,0.602,0.529,1.147,Walk
5.36,0.068,0.526,0.942,1.127,Walk
5.37,-0.107,0.642,1.449,1.08,Walk
5.38,-0.235,0.811,1.915,1.033,Walk
5.39,-0.262,0.939,2.191,1.005,Walk
5.4,-0.142,1.155,2.349,0.967,Walk
5.41,-0.02,1.305,2.534,0.926,Walk
5.42,-0.022,1.183,2.928,0.888,Walk
5.43,-0.265,0.694,3.815,0.85,Walk
5.44,-0.682,0.046,4.815,0.83,Walk
5.45,-1.139,-0.452,5.445,0.839,Walk
5.46,-1.489,-0.713,5.727,0.856,Walk
5.48,-1.719,-0.937,5.786,0.886,Walk
5.49,-1.821,-1.231,5.625,0.942,Walk
5.5,-1.694,-1.364,5.379,0.975,Walk
5.51,-1.521,-1.496,5.216,1.001,Walk
5.53,-1.294,-1.77,4.704,1.063,Walk
5.54,-1.09,-1.976,3.728,1.156,Walk
5.55,-0.992,-1.988,2.804,1.245,Walk
5.57,-0.785,-1.8,1.122,1.375,Walk
5.58,-0.515,-1.401,-0.672,1.488,Walk
5.59,-0.305,-1.038,-1.758,1.551,Walk
5.61,-0.03,-0.697,-2.605,1.585,Walk
5.62,0.197,-0.43,-3.222,1.604,Walk
5.63,0.33,-0.284,-3.523,1.609,Walk
5.64,0.377,-0.24,-3.637,1.61,Walk
5.65,0.352,-0.196,-3.681,1.605,Walk
5.66,0.225,-0.185,-3.642,1.604,Walk
5.67,0.093,-0.175,-3.533,1.603,Walk
5.68,0.045,-0.113,-3.58,1.604,Walk
5.69,0.013,0.009,-3.729,1.612,Walk
5.7,0.057,0.061,-3.904,1.621,Walk
5.71,0.102,0.092,-3.974,1.622,Walk
5.72,0.128,0.11,-3.973,1.618,Walk
5.73,0.127,0.167,-4.014,1.616,Walk
5.74,0.107,0.241,-4.053,1.614,Walk
5.75,0.095,0.23,-4.02,1.61,Walk
5.76,0.046,0.209,-3.997,1.609,Walk
5.77,-0.051,0.19,-3.874,1.601,Walk
5.78,-0.179,0.127,-3.619,1.588,Walk
5.79,-0.298,0.029,-3.295,1.571,Walk
5.8,-0.428,-0.119,-2.891,1.551,Walk
5.81,-0.584,-0.268,-2.535,1.542,Walk
5.82,-0.664,-0.422,-2.357,1.546,Walk
5.83,-0.674,-0.529,-2.27,1.549,Walk
5.84,-0.67,-0.598,-2.15,1.543,Walk
5.85,-0.673,-0.727,-1.882,1.528,Walk
5.86,-0.726,-1.001,-1.386,1.515,Walk
5.87,-0.686,-1.431,-0.675,1.497,Walk
5.88,-0.505,-1.822,-0.02,1.476,Walk
5.89,-0.157,-1.948,0.454,1.43,Walk
5.9,0.154,-1.813,0.751,1.364,Walk
5.91,0.151,-1.613,0.961,1.307,Walk
5.92,-0.186,-1.202,1.241,1.245,Walk
5.93,-0.71,-0.5,1.646,1.161,Walk
5.94,-1.24,0.623,2.131,1.039,Walk
5.95,-1.674,1.821,2.652,0.908,Walk
5.96,-1.959,2.364,3.524,0.791,Walk
5.97,-2.236,2.03,4.763,0.718,Walk
5.98,-2.508,1.294,5.907,0.702,Walk
5.99,-2.592,0.685,6.508,0.775,Walk
6.0,-2.55,0.111,6.709,0.812,Walk
6.01,-2.461,-0.645,6.675,0.882,Walk
6.02,-2.336,-1.255,6.289,0.973,Walk
6.03,-2.132,-1.497,5.367,1.074,Walk
6.04,-1.881,-1.456,4.072,1.178,Walk
6.05,-1.629,-1.22,2.669,1.276,Walk
6.06,-1.358,-0.851,1.375,1.35,Walk
6.07,-1.119,-0.47,0.264,1.405,Walk
6.08,-0.922,-0.176,-0.603,1.447,Walk
6.09,-0.782,0.061,-1.201,1.475,Walk
6.1,-0.661,0.24,-1.634,1.493,Walk
6.11,-0.55,0.402,-1.945,1.505,Walk
6.12,-0.402,0.537,-2.217,1.511,Walk
6.13,-0.291,0.645,-2.384,1.515,Walk
6.14,-0.122,0.776,-2.489,1.509,Walk
6.15,0.058,0.908,-2.712,1.513,Walk
6.16,0.278,0.983,-2.999,1.526,Walk
6.17,0.522,1.034,-3.366,1.548,Walk
6.18,0.794,1.039,-3.774,1.574,Walk
6.19,1.044,0.956,-4.095,1.6,Walk
6.2,1.257,0.81,-4.268,1.62,Walk
6.21,1.429,0.723,-4.33,1.625,Walk
6.22,1.558,0.635,-4.213,1.617,Walk
6.23,1.661,0.552,-4.042,1.605,Walk
6.24,1.748,0.442,-3.984,1.604,Walk
6.25,1.789,0.349,-4.071,1.615,Walk
6.26,1.761,0.406,-4.256,1.623,Walk
6.27,1.662,0.569,-4.368,1.62,Walk
6.28,1.528,0.761,-4.371,1.604,Walk
6.29,1.337,0.927,-4.201,1.582,Walk
6.3,1.187,1.013,-3.805,1.548,Walk
6.31,1.126,1.003,-3.213,1.497,Walk
6.32,1.046,0.943,-2.568,1.444,Walk
6.33,0.912,0.907,-1.907,1.386,Walk
6.34,0.686,0.941,-1.275,1.334,Walk
6.35,0.46,0.982,-0.798,1.295,Walk
6.36,0.238,1.028,-0.575,1.277,Walk
6.37,0.017,1.158,-0.354,1.254,Walk
6.38,-0.163,1.42,-0.072,1.212,Walk
6.39,-0.339,1.673,0.162,1.178,Walk
6.4,-0.433,1.845,0.541,1.133,Walk
6.41,-0.501,1.856,1.155,1.077,Walk
6.42,-0.608,1.66,1.797,1.044,Walk
6.43,-0.65,1.439,2.319,1.021,Walk
6.44,-0.64,1.219,2.848,0.997,Walk
6.45,-0.566,1.116,2.975,1.004,Walk
6.46,-0.275,1.355,2.692,0.998,Walk
6.47,0.049,1.514,3.006,0.933,Walk
6.48,0.119,1.014,3.985,0.88,Walk
6.49,0.056,0.219,4.942,0.873,Walk
6.5,0.101,-0.366,5.451,0.884,Walk
6.51,0.245,-0.877,5.456,0.925,Walk
6.52,0.39,-1.36,5.065,0.995,Walk
6.53,0.466,-1.647,4.485,1.064,Walk
6.54,0.44,-1.691,3.957,1.112,Walk
6.55,0.356,-1.57,3.795,1.11,Walk
6.56,0.1,-1.423,4.044,1.083,Walk
6.57,-0.165,-1.363,4.369,1.062,Walk
6.58,-0.367,-1.35,4.469,1.066,Walk
6.59,-0.432,-1.392,4.238,1.103,Walk
6.6,-0.323,-1.477,3.719,1.165,Walk
6.61,-0.006,-1.548,2.875,1.241,Walk
6.62,0.375,-1.521,1.68,1.331,Walk
6.63,0.691,-1.478,0.293,1.434,Walk
6.64,0.872,-1.408,-1.053,1.538,Walk
6.65,0.99,-1.213,-2.157,1.614,Walk
6.66,1.054,-0.917,-2.994,1.656,Walk
6.67,1.03,-0.655,-3.54,1.679,Walk
6.68,0.941,-0.462,-3.778,1.684,Walk
6.69,0.823,-0.376,-3.778,1.68,Walk
6.7,0.681,-0.371,-3.675,1.676,Walk
6.71,0.544,-0.468,-3.773,1.695,Walk
6.72,0.37,-0.573,-4.01,1.732,Walk
6.74,0.217,-0.532,-4.255,1.759,Walk
6.75,0.12,-0.34,-4.559,1.773,Walk
6.76,0.046,-0.211,-4.637,1.769,Walk
6.78,-0.073,-0.047,-4.579,1.747,Walk
6.79,-0.298,0.064,-4.258,1.719,Walk
6.8,-0.473,-0.125,-3.785,1.705,Walk
6.82,-0.531,-0.526,-3.022,1.693,Walk
6.83,-0.253,-0.755,-2.608,1.67,Walk
6.84,0.068,-0.808,-2.584,1.655,Walk
6.86,0.28,-0.906,-2.252,1.609,Walk
6.87,0.157,-1.067,-1.633,1.567,Walk
6.88,-0.053,-1.258,-1.175,1.549,Walk
6.9,-0.261,-1.319,-0.765,1.527,Walk
6.91,-0.375,-0.92,-0.41,1.444,Walk
6.93,-0.857,-0.559,0.148,1.348,Walk
6.94,-1.855,-0.308,1.035,1.277,Walk
6.95,-2.845,0.345,2.154,1.172,Walk
6.96,-3.421,1.319,3.319,1.013,Walk
6.97,-3.763,2.01,4.436,0.87,Walk
6.98,-3.965,2.052,5.564,0.776,Walk
6.99,-4.085,1.592,6.494,0.739,Walk
7.0,-4.213,0.864,6.953,0.805,Walk
7.01,-4.312,0.004,7.016,0.884,Walk
7.02,-4.359,-0.953,6.793,0.996,Walk
7.03,-4.34,-1.729,6.142,1.134,Walk
7.04,-4.117,-1.982,5.048,1.256,Walk
7.05,-3.767,-1.837,3.853,1.344,Walk
7.06,-3.339,-1.617,2.727,1.418,Walk
7.07,-2.812,-1.392,1.689,1.482,Walk
7.08,-2.151,-1.149,0.699,1.533,Walk
7.09,-1.398,-0.846,-0.275,1.568,Walk
7.1,-0.655,-0.524,-1.207,1.594,Walk
7.11,-0.001,-0.273,-2.034,1.614,Walk
7.12,0.482,-0.082,-2.704,1.63,Walk
7.13,0.762,0.191,-3.353,1.649,Walk
7.14,0.945,0.632,-3.951,1.655,Walk
7.15,1.096,1.103,-4.33,1.64,Walk
7.16,1.217,1.514,-4.357,1.602,Walk
7.17,1.338,1.85,-4.217,1.558,Walk
7.18,1.513,2.114,-4.065,1.515,Walk
7.19,1.697,2.226,-3.777,1.473,Walk
7.2,1.872,2.055,-3.336,1.441,Walk
7.21,2.014,1.626,-2.906,1.432,Walk
7.22,2.096,1.18,-2.552,1.438,Walk
7.23,2.194,0.912,-2.339,1.441,Walk
7.24,2.306,0.791,-2.236,1.434,Walk
7.25,2.334,0.727,-2.253,1.437,Walk
7.26,2.307,0.782,-2.386,1.443,Walk
7.27,2.238,0.941,-2.602,1.447,Walk
7.28,2.112,1.083,-2.925,1.464,Walk
7.29,1.917,1.089,-3.085,1.489,Walk
7.3,1.811,0.955,-2.982,1.5,Walk
7.31,1.789,0.83,-2.812,1.494,Walk
7.32,1.729,0.727,-2.437,1.471,Walk
7.33,1.655,0.652,-1.891,1.432,Walk
7.34,1.598,0.705,-1.556,1.4,Walk
7.35,1.573,0.756,-1.254,1.366,Walk
7.36,1.471,0.707,-1.064,1.351,Walk
7.37,1.291,0.673,-0.878,1.341,Walk
7.38,1.091,0.783,-0.56,1.307,Walk
7.39,0.827,0.922,-0.269,1.28,Walk
7.4,0.634,0.988,0.165,1.251,Walk
7.41,0.599,0.876,0.585,1.226,Walk
7.42,0.609,0.621,1.104,1.201,Walk
7.43,0.607,0.226,1.826,1.173,Walk
7.44,0.619,-0.206,2.493,1.157,Walk
7.45,0.744,-0.348,2.925,1.133,Walk
7.46,0.965,-0.116,2.809,1.117,Walk
7.47,1.236,0.394,2.365,1.087,Walk
7.48,1.267,0.893,2.449,1.012,Walk
7.49,0.9,0.791,3.318,0.939,Walk
7.5,0.221,0.183,4.342,0.921,Walk
7.51,-0.503,-0.45,5.07,0.935,Walk
7.52,-1.24,-1.058,5.572,0.976,Walk
7.53,-1.826,-1.661,6.344,0.996,Walk
7.54,-2.121,-2.09,7.153,0.986,Walk
7.55,-2.189,-2.29,7.518,0.982,Walk
7.56,-2.12,-2.398,7.428,0.998,Walk
7.57,-2.051,-2.505,6.986,1.046,Walk
7.58,-1.962,-2.478,6.178,1.116,Walk
7.59,-1.832,-2.402,5.069,1.209,Walk
7.6,-1.619,-2.242,3.833,1.303,Walk
7.61,-1.36,-2.058,2.5,1.401,Walk
7.62,-1.066,-1.947,1.039,1.516,Walk
7.63,-0.707,-1.786,-0.485,1.628,Walk
7.64,-0.332,-1.611,-1.961,1.734,Walk
7.65,0.067,-1.473,-3.214,1.82,Walk
7.66,0.433,-1.303,-4.23,1.88,Walk
7.67,0.729,-1.132,-4.918,1.906,Walk
7.68,0.812,-1.049,-5.335,1.924,Walk
7.69,0.742,-0.935,-5.365,1.915,Walk
7.7,0.616,-0.732,-5.069,1.876,Walk
7.71,0.487,-0.587,-4.74,1.84,Walk
7.72,0.415,-0.49,-4.532,1.816,Walk
7.73,0.362,-0.409,-4.378,1.798,Walk
7.74,0.342,-0.38,-4.26,1.787,Walk
7.75,0.343,-0.383,-4.183,1.78,Walk
7.76,0.354,-0.359,-4.078,1.767,Walk
7.77,0.339,-0.345,-3.981,1.763,Walk
7.78,0.426,-0.424,-3.866,1.759,Walk
7.79,0.544,-0.445,-3.751,1.743,Walk
7.8,0.615,-0.307,-3.622,1.715,Walk
7.81,0.654,-0.096,-3.558,1.686,Walk
7.82,0.636,0.195,-3.464,1.649,Walk
7.83,0.576,0.507,-3.326,1.607,Walk
7.84,0.44,0.715,-3.115,1.573,Walk
7.85,0.306,0.861,-2.723,1.528,Walk
7.86,0.163,0.951,-2.236,1.486,Walk
7.87,0.128,1.015,-1.685,1.435,Walk
7.88,0.135,0.949,-1.013,1.38,Walk
7.89,0.14,0.736,-0.264,1.329,Walk
7.9,0.107,0.328,0.557,1.286,Walk
7.91,-0.066,-0.357,1.314,1.282,Walk
7.92,-0.261,-0.895,1.999,1.275,Walk
7.93,-0.442,-0.842,2.364,1.241,Walk
7.94,-0.669,-0.263,2.174,1.193,Walk
7.95,-1.27,0.312,1.9,1.162,Walk
7.96,-2.292,0.788,1.976,1.156,Walk
7.97,-3.085,1.637,2.364,1.103,Walk
7.98,-3.325,2.684,2.619,1.003,Walk
7.99,-3.457,2.959,3.213,0.966,Walk
8.0,-3.752,2.049,4.471,0.937,Walk
8.01,-4.214,0.733,5.614,0.973,Walk
8.02,-4.555,-0.336,6.271,1.036,Walk
8.03,-4.632,-1.226,6.539,1.1,Walk
8.04,-4.635,-2.015,6.53,1.177,Walk
8.05,-4.564,-2.588,6.1,1.276,Walk
8.06,-4.298,-2.785,5.019,1.395,Walk
8.07,-3.809,-2.518,3.509,1.499,Walk
8.08,-3.172,-1.986,1.942,1.573,Walk
8.09,-2.516,-1.476,0.551,1.625,Walk
8.1,-1.968,-1.033,-0.488,1.656,Walk
8.11,-1.493,-0.634,-1.194,1.661,Walk
8.13,-1.149,-0.406,-1.565,1.659,Walk
8.14,-0.892,-0.322,-1.807,1.674,Walk
8.15,-0.465,-0.156,-2.331,1.69,Walk
8.16,-0.067,0.086,-3.031,1.709,Walk
8.17,0.156,0.225,-3.51,1.732,Walk
8.18,0.396,0.387,-3.835,1.739,Walk
8.19,0.623,0.469,-4.036,1.74,Walk
8.21,0.814,0.495,-4.175,1.742,Walk
8.22,0.968,0.578,-4.271,1.737,Walk
8.23,1.104,0.667,-4.347,1.729,Walk
8.24,1.205,0.664,-4.343,1.725,Walk
8.25,1.296,0.615,-4.312,1.724,Walk
8.26,1.387,0.561,-4.205,1.715,Walk
8.27,1.445,0.409,-4.109,1.716,Walk
8.28,1.477,0.299,-4.156,1.729,Walk
8.29,1.504,0.419,-4.344,1.734,Walk
8.3,1.535,0.627,-4.505,1.728,Walk
8.31,1.559,0.767,-4.541,1.718,Walk
8.32,1.59,0.844,-4.338,1.694,Walk
8.33,1.655,0.901,-3.97,1.653,Walk
8.34,1.722,0.865,-3.471,1.604,Walk
8.35,1.699,0.805,-2.882,1.55,Walk
8.36,1.564,0.817,-2.142,1.481,Walk
8.37,1.326,0.946,-1.277,1.4,Walk
8.38,1.095,0.961,-0.358,1.327,Walk
8.39,0.941,0.791,0.669,1.257,Walk
8.4,0.817,0.468,1.729,1.199,Walk
8.41,0.761,0.127,2.534,1.165,Walk
8.42,0.824,0.079,2.791,1.148,Walk
8.43,0.945,0.31,2.389,1.157,Walk
8.44,1.04,0.611,1.784,1.176,Walk
8.45,1.066,0.968,1.327,1.175,Walk
8.46,0.94,1.341,1.356,1.129,Walk
8.47,0.562,1.714,1.771,1.063,Walk
8.48,0.044,2.076,2.369,0.991,Walk
8.49,-0.499,2.261,3.371,0.905,Walk
8.5,-1.008,2.09,4.517,0.841,Walk
8.51,-1.39,1.628,5.564,0.808,Walk
8.52,-1.656,0.916,6.53,0.801,Walk
8.53,-1.798,0.097,6.979,0.845,Walk
8.54,-1.847,-0.654,6.793,0.942,Walk
8.55,-1.68,-1.082,6.12,1.041,Walk
8.56,-1.416,-1.114,5.132,1.117,Walk
8.57,-1.267,-1.004,4.443,1.156,Walk
8.58,-1.281,-0.938,4.13,1.176,Walk
8.59,-1.352,-0.996,4.121,1.188,Walk
8.6,-1.369,-1.168,4.157,1.209,Walk
8.61,-1.245,-1.282,3.884,1.247,Walk
8.62,-1.011,-1.359,3.276,1.304,Walk
8.63,-0.729,-1.507,2.475,1.382,Walk
8.64,-0.408,-1.646,1.491,1.472,Walk
8.65,-0.103,-1.761,0.444,1.565,Walk
8.66,0.158,-1.794,-0.645,1.654,Walk
8.67,0.357,-1.788,-1.722,1.739,Walk
8.68,0.482,-1.749,-2.628,1.808,Walk
8.69,0.514,-1.704,-3.253,1.854,Walk
8.7,0.444,-1.665,-3.611,1.884,Walk
8.71,0.337,-1.631,-3.852,1.906,Walk
8.72,0.227,-1.549,-4.056,1.919,Walk
8.73,0.098,-1.462,-4.185,1.929,Walk
8.74,-0.006,-1.417,-4.198,1.931,Walk
8.75,-0.08,-1.34,-4.212,1.928,Walk
8.76,-0.151,-1.233,-4.255,1.925,Walk
8.77,-0.214,-1.106,-4.321,1.921,Walk
8.78,-0.293,-0.927,-4.459,1.919,Walk
8.79,-0.381,-0.671,-4.574,1.909,Walk
8.8,-0.464,-0.448,-4.566,1.891,Walk
8.81,-0.562,-0.229,-4.497,1.87,Walk
8.82,-0.614,-0.036,-4.399,1.846,Walk
8.83,-0.655,0.078,-4.224,1.819,Walk
8.84,-0.731,0.139,-3.914,1.786,Walk
8.85,-0.836,0.22,-3.404,1.741,Walk
8.86,-0.874,0.253,-2.801,1.695,Walk
8.87,-0.741,0.239,-2.366,1.658,Walk
8.88,-0.504,0.221,-2.037,1.62,Walk
8.89,-0.284,0.191,-1.669,1.577,Walk
8.9,-0.159,-0.024,-0.978,1.526,Walk
8.91,-0.113,-0.266,-0.152,1.479,Walk
8.92,0.057,-0.379,0.403,1.439,Walk
8.93,0.333,-0.448,0.538,1.42,Walk
8.94,0.528,-0.474,0.375,1.422,Walk
8.95,0.591,-0.421,0.263,1.417,Walk
8.96,0.51,-0.347,0.262,1.402,Walk
8.97,0.239,-0.283,0.494,1.377,Walk
8.98,-0.237,-0.122,0.741,1.482,Walk
8.99,-0.726,0.271,1.047,1.444,Walk
9.0,-1.112,1.001,1.612,1.343,Walk
9.01,-1.455,1.873,2.353,1.208,Walk
9.02,-1.846,2.399,3.239,1.1,Walk
9.03,-2.118,2.413,4.366,1.02,Walk
9.04,-2.154,2.034,5.178,0.993,Walk
9.05,-2.002,1.469,5.396,1.017,Walk
9.06,-1.882,0.725,5.364,1.072,Walk
9.07,-1.952,-0.178,5.388,1.147,Walk
9.08,-2.129,-0.971,5.424,1.228,Walk
9.09,-2.189,-1.49,5.09,1.32,Walk
9.1,-2.036,-1.759,4.264,1.42,Walk
9.11,-1.764,-1.769,3.013,1.525,Walk
9.12,-1.494,-1.646,1.689,1.622,Walk
9.13,-1.27,-1.5,0.513,1.707,Walk
9.14,-1.056,-1.312,-0.537,1.776,Walk
9.15,-0.88,-1.092,-1.444,1.824,Walk
9.16,-0.836,-0.806,-2.09,1.849,Walk
9.17,-0.89,-0.439,-2.262,1.832,Walk
9.18,-0.978,-0.13,-2.064,1.794,Walk
9.19,-0.997,0.077,-1.824,1.759,Walk
9.2,-0.928,0.213,-1.686,1.737,Walk
9.21,-0.778,0.238,-1.626,1.733,Walk
9.22,-0.489,0.16,-1.784,1.749,Walk
9.23,-0.11,0.092,-2.259,1.788,Walk
9.24,0.308,0.11,-2.927,1.831,Walk
9.25,0.692,0.102,-3.564,1.872,Walk
9.26,1.003,0.081,-4.112,1.908,Walk
9.27,1.237,0.09,-4.444,1.925,Walk
9.28,1.396,0.186,-4.556,1.916,Walk
9.29,1.45,0.273,-4.495,1.894,Walk
9.3,1.383,0.303,-4.186,1.864,Walk
9.31,1.281,0.301,-3.879,1.841,Walk
9.32,1.213,0.29,-3.603,1.82,Walk
9.33,1.146,0.26,-3.414,1.809,Walk
9.34,1.106,0.246,-3.301,1.802,Walk
9.35,1.084,0.294,-3.287,1.797,Walk
9.36,1.039,0.275,-3.364,1.806,Walk
9.37,0.996,0.192,-3.231,1.801,Walk
9.38,0.911,0.11,-2.906,1.782,Walk
9.39,0.829,-0.027,-2.549,1.767,Walk
9.4,0.804,-0.064,-2.14,1.734,Walk
9.41,0.759,-0.058,-1.593,1.688,Walk
9.42,0.761,0.017,-1.104,1.64,Walk
9.43,0.819,0.241,-0.741,1.587,Walk
9.44,0.925,0.519,-0.362,1.521,Walk
9.46,0.957,0.728,-0.066,1.472,Walk
9.47,0.939,0.852,0.03,1.451,Walk
9.48,0.915,0.98,0.076,1.433,Walk
9.49,0.845,1.248,0.4,1.377,Walk
9.5,0.705,1.498,1.245,1.289,Walk
9.51,0.639,1.716,1.993,1.215,Walk
9.52,0.79,2.189,2.429,1.13,Walk
9.53,0.977,2.608,2.813,1.043,Walk
9.55,1.013,2.659,3.431,0.965,Walk
9.56,0.755,2.066,4.47,0.917,Walk
9.57,0.214,0.972,5.856,0.914,Walk
9.58,-0.22,-0.183,7.276,0.909,Walk
9.59,-0.57,-1.403,8.606,0.919,Walk
9.6,-0.817,-2.608,9.167,1.005,Walk
9.61,-0.708,-3.119,8.305,1.147,Walk
9.62,-0.188,-2.814,6.357,1.278,Walk
9.63,0.323,-2.35,4.352,1.392,Walk
9.64,0.686,-1.961,2.8,1.477,Walk
9.65,0.921,-1.578,1.778,1.517,Walk
9.66,0.97,-1.344,1.256,1.532,Walk
9.67,0.836,-1.283,1.062,1.547,Walk
9.68,0.678,-1.24,0.991,1.558,Walk
9.69,0.576,-1.146,0.735,1.583,Walk
9.7,0.595,-1.032,0.263,1.618,Walk
9.71,0.667,-0.93,-0.338,1.662,Walk
9.72,0.766,-0.881,-0.948,1.71,Walk
9.73,0.863,-0.874,-1.512,1.757,Walk
9.74,0.958,-0.888,-2.058,1.801,Walk
9.75,1.005,-0.9,-2.601,1.847,Walk
9.76,0.995,-0.854,-3.108,1.885,Walk
9.77,0.921,-0.795,-3.47,1.915,Walk
9.78,0.854,-0.771,-3.738,1.937,Walk
9.79,0.742,-0.707,-3.914,1.949,Walk
9.8,0.612,-0.574,-3.956,1.947,Walk
9.81,0.501,-0.49,-3.852,1.935,Walk
9.82,0.413,-0.551,-3.691,1.93,Walk
9.83,0.335,-0.64,-3.544,1.927,Walk
9.84,0.263,-0.675,-3.457,1.924,Walk
9.85,0.177,-0.713,-3.425,1.926,Walk
9.86,0.061,-0.726,-3.429,1.931,Walk
9.87,-0.06,-0.686,-3.443,1.933,Walk
9.88,-0.176,-0.642,-3.385,1.928,Walk
9.89,-0.271,-0.629,-3.184,1.911,Walk
9.9,-0.392,-0.64,-2.88,1.889,Walk
9.91,-0.497,-0.65,-2.563,1.87,Walk
9.92,-0.521,-0.665,-2.318,1.853,Walk
9.93,-0.482,-0.647,-2.135,1.832,Walk
9.94,-0.472,-0.633,-1.907,1.809,Walk
9.95,-0.483,-0.665,-1.585,1.783,Walk
9.96,-0.482,-0.672,-1.227,1.757,Walk
9.97,-0.382,-0.691,-0.743,1.711,Walk
9.98,-0.292,-0.799,-0.148,1.649,Walk
9.99,-0.253,-0.966,0.402,1.237,Walk
10.0,-0.265,-1.076,0.73,1.209,Walk
10.01,-0.196,-1.03,0.867,1.188,Walk
10.02,-0.146,-0.928,0.986,1.157,Walk
10.03,-0.285,-0.909,1.125,1.136,Walk
10.04,-0.602,-0.753,1.253,1.116,Walk
10.05,-0.986,-0.095,1.291,1.059,Walk
10.06,-1.483,1.19,1.344,0.949,Walk
10.07,-2.109,2.516,1.548,0.842,Walk
10.08,-2.551,3.236,2.179,0.752,Walk
10.09,-2.688,3.081,3.273,0.688,Walk
10.1,-2.541,2.306,4.29,0.666,Walk
10.11,-2.334,1.359,4.726,0.706,Walk
10.12,-2.083,0.522,4.693,0.773,Walk
10.13,-1.886,-0.315,4.674,0.842,Walk
10.14,-1.712,-1.082,4.72,0.901,Walk
10.15,-1.553,-1.652,4.496,0.968,Walk
10.16,-1.405,-1.932,3.769,1.057,Walk
10.17,-1.196,-1.919,2.617,1.153,Walk
10.18,-0.988,-1.696,1.325,1.241,Walk
10.19,-0.799,-1.403,0.136,1.316,Walk
10.2,-0.606,-1.095,-0.805,1.367,Walk
10.21,-0.425,-0.816,-1.527,1.4,Walk
10.22,-0.262,-0.679,-1.927,1.415,Walk
10.23,-0.165,-0.628,-2.105,1.42,Walk
10.24,-0.116,-0.525,-2.167,1.413,Walk
10.25,-0.103,-0.359,-2.201,1.402,Walk
10.26,-0.065,-0.189,-2.28,1.393,Walk
10.27,-0.032,-0.04,-2.402,1.39,Walk
10.28,0.02,0.121,-2.545,1.39,Walk
10.29,0.131,0.331,-2.783,1.391,Walk
10.3,0.285,0.555,-3.115,1.396,Walk
10.31,0.439,0.778,-3.456,1.402,Walk
10.32,0.609,0.902,-3.745,1.407,Walk
10.33,0.702,0.911,-3.815,1.402,Walk
10.34,0.67,0.886,-3.55,1.378,Walk
10.35,0.574,0.811,-2.982,1.337,Walk
10.36,0.478,0.605,-2.377,1.305,Walk
10.37,0.392,0.423,-2.047,1.299,Walk
10.38,0.383,0.378,-2.092,1.314,Walk
10.39,0.513,0.438,-2.289,1.325,Walk
10.4,0.679,0.58,-2.562,1.327,Walk
10.41,0.785,0.804,-2.807,1.325,Walk
10.42,0.884,0.996,-2.844,1.303,Walk
10.43,0.898,1.01,-2.55,1.273,Walk
10.44,0.884,0.96,-2.083,1.239,Walk
10.45,0.928,0.932,-1.663,1.202,Walk
10.46,0.965,0.919,-1.099,1.145,Walk
10.48,0.902,0.747,-0.139,1.083,Walk
10.49,0.943,0.463,0.684,1.038,Walk
10.5,1.078,0.339,0.935,1.024,Walk
10.51,1.259,0.356,0.973,1.008,Walk
10.52,1.342,0.367,0.924,0.999,Walk
10.53,1.268,0.344,1.016,0.99,Walk
10.54,1.105,0.439,1.26,0.961,Walk
10.55,0.886,0.724,1.49,0.925,Walk
10.56,0.703,1.008,1.618,0.899,Walk
10.57,0.607,1.547,1.258,0.884,Walk
10.58,0.506,2.41,0.737,0.853,Walk
10.59,0.378,3.145,1.019,0.758,Walk
10.6,0.103,3.022,2.551,0.635,Walk
10.61,-0.299,2.126,4.532,0.554,Walk
10.62,-0.646,1.368,5.793,0.524,Walk
10.63,-0.916,0.764,6.331,0.546,Walk
10.64,-1.061,0.184,6.305,0.623,Walk
10.65,-0.883,-0.105,5.607,0.72,Walk
10.66,-0.46,-0.246,4.352,0.825,Walk
10.67,-0.159,-0.409,3.263,0.922,Walk
10.68,0.042,-0.609,2.677,0.975,Walk
10.69,0.049,-0.926,2.621,0.997,Walk
10.7,-0.172,-1.287,2.674,1.029,Walk
10.72,-0.451,-1.517,2.616,1.062,Walk
10.73,-0.799,-1.661,2.228,1.133,Walk
10.74,-0.931,-1.87,1.492,1.235,Walk
10.75,-0.835,-1.953,0.684,1.317,Walk
10.76,-0.669,-2.004,-0.192,1.394,Walk
10.77,-0.516,-2.016,-0.955,1.456,Walk
10.78,-0.417,-2.065,-1.495,1.493,Walk
10.8,-0.509,-2.108,-1.532,1.475,Walk
10.81,-1.097,-2.282,0.212,1.403,Walk
10.82,-0.917,-1.935,-0.689,1.459,Walk
10.83,-0.472,-1.665,-2.263,1.541,Walk
10.84,-0.374,-1.554,-3.176,1.6,Walk
10.85,-0.432,-1.332,-3.52,1.61,Walk
10.87,-0.541,-0.937,-3.403,1.57,Walk
10.88,-0.639,-0.687,-3.331,1.547,Walk
10.89,-0.714,-0.733,-3.383,1.574,Walk
10.9,-0.48,-0.702,-3.62,1.597,Walk
10.91,-0.042,-0.635,-4.012,1.609,Walk
10.92,0.343,-0.639,-4.408,1.621,Walk
10.93,0.547,-0.664,-4.533,1.613,Walk
10.94,0.49,-0.611,-4.312,1.582,Walk
10.95,0.282,-0.374,-3.944,1.533,Walk
10.96,0.057,-0.054,-3.51,1.479,Walk
10.97,-0.065,0.215,-3.255,1.45,Walk
10.98,0.087,0.358,-2.891,1.398,Walk
10.99,0.172,0.321,-2.429,1.391,Walk
11.0,0.177,0.419,-2.074,1.355,Walk
11.01,0.26,0.538,-1.794,1.315,Walk
11.02,0.324,0.644,-1.567,1.283,Walk
11.03,0.386,0.682,-1.43,1.265,Walk
11.04,0.443,0.582,-1.247,1.26,Walk
11.05,0.591,0.427,-1.084,1.255,Walk
11.06,0.746,0.217,-0.736,1.235,Walk
11.07,0.892,0.155,-0.058,1.162,Walk
11.08,0.789,0.323,0.53,1.082,Walk
11.09,0.407,0.457,0.998,1.03,Walk
11.1,-0.176,0.228,1.378,1.039,Walk
11.11,-0.626,0.094,2.094,1.009,Walk
11.12,-0.971,0.243,2.599,0.963,Walk
11.13,-1.272,0.268,3.387,0.903,Walk
11.14,-1.493,0.018,4.893,0.797,Walk
11.15,-1.751,-0.273,6.219,0.711,Walk
11.16,-2.038,-0.459,6.96,0.68,Walk
11.17,-2.175,-0.634,6.684,0.733,Walk
11.18,-2.176,-0.753,5.422,0.863,Walk
11.19,-2.061,-0.855,4.068,1.001,Walk
11.2,-1.753,-0.96,2.785,1.126,Walk
11.21,-1.258,-1.111,1.851,1.201,Walk
11.22,-0.885,-1.179,1.282,1.233,Walk
11.23,-0.769,-1.142,0.846,1.259,Walk
11.24,-0.773,-1.196,0.504,1.29,Walk
11.25,-0.843,-1.253,0.399,1.3,Walk
11.26,-1.035,-1.227,0.403,1.305,Walk
11.27,-1.213,-1.102,0.273,1.32,Walk
11.28,-1.239,-0.864,-0.131,1.343,Walk
11.29,-1.14,-0.637,-0.717,1.377,Walk
11.3,-0.966,-0.59,-1.245,1.422,Walk
11.31,-0.654,-0.683,-1.802,1.473,Walk
11.32,-0.298,-0.763,-2.322,1.511,Walk
11.33,-0.022,-0.792,-2.77,1.541,Walk
11.34,0.194,-0.76,-3.102,1.556,Walk
11.35,0.317,-0.744,-3.227,1.559,Walk
11.36,0.383,-0.638,-3.352,1.557,Walk
11.37,0.417,-0.498,-3.536,1.56,Walk
11.38,0.455,-0.386,-3.707,1.56,Walk
11.39,0.417,-0.255,-3.871,1.561,Walk
11.4,0.332,-0.119,-3.925,1.557,Walk
11.41,0.267,0.002,-3.887,1.55,Walk
11.42,0.282,0.073,-3.865,1.54,Walk
11.43,0.274,0.14,-3.798,1.526,Walk
11.44,0.226,0.212,-3.677,1.509,Walk
11.45,0.167,0.275,-3.54,1.489,Walk
11.46,0.044,0.387,-3.222,1.454,Walk
11.47,-0.086,0.493,-2.9,1.422,Walk
11.48,-0.191,0.547,-2.681,1.405,Walk
11.49,-0.209,0.552,-2.452,1.387,Walk
11.5,-0.186,0.594,-2.287,1.368,Walk
11.51,-0.142,0.683,-2.095,1.341,Walk
11.52,-0.101,0.718,-1.899,1.314,Walk
11.53,-0.136,0.748,-1.625,1.282,Walk
11.54,-0.261,0.814,-1.134,1.237,Walk
11.55,-0.377,0.942,-0.517,1.173,Walk
11.56,-0.509,0.948,0.251,1.111,Walk
11.57,-0.581,0.81,1.186,1.052,Walk
11.58,-0.508,0.62,0.954,1.08,Walk
11.59,-0.477,0.511,1.421,1.033,Walk
11.6,-0.691,0.967,2.206,0.923,Walk
11.61,-1.047,1.734,2.532,0.872,Walk
11.62,-1.05,2.192,3.251,1.309,Walk
