ax,ay,az,speed,label
-1.25,2.03,1.66,1.1275997561109607,walk
-1.79,1.95,1.66,1.1275997561109607,walk
-2.1,1.79,1.96,1.1275997561109607,walk
-2.04,1.34,2.39,1.1275997561109607,walk
-1.69,0.79,2.69,1.1275997561109607,walk
-1.41,0.19,2.99,1.1275997561109607,walk
-1.28,-0.32,3.5,1.1275997561109607,walk
-1.4,-0.44,3.66,1.1275997561109607,walk
-1.48,-0.65,3.49,1.1275997561109607,walk
-1.19,-0.92,3.2,1.1275997561109607,walk
-1.12,-1.16,2.72,1.1275997561109607,walk
-1.18,-1.27,2.26,1.1275997561109607,walk
-1.16,-1.21,1.7,1.1275997561109607,walk
-1.14,-1.07,1.2,1.1275997561109607,walk
-1.23,-1.03,0.74,1.1275997561109607,walk
-1.34,-1.16,0.4,1.1275997561109607,walk
-1.37,-1.26,0.1,1.1275997561109607,walk
-1.3,-1.24,-0.25,1.1275997561109607,walk
-1.24,-1.2,-0.53,1.1275997561109607,walk
-1.2,-1.2,-0.73,1.1275997561109607,walk
-1.15,-1.17,-0.85,1.1275997561109607,walk
-1.04,-1.04,-1.06,1.1275997561109607,walk
-0.88,-0.82,-1.29,1.1275997561109607,walk
-0.62,-0.63,-1.46,1.1275997561109607,walk
-0.39,-0.53,-1.73,1.1275997561109607,walk
-0.16,-0.49,-2.09,1.1275997561109607,walk
0.08,-0.52,-2.57,1.1275997561109607,walk
0.37,-0.6,-3.11,1.1275997561109607,walk
0.68,-0.62,-3.67,1.1275997561109607,walk
1.01,-0.57,-4.25,1.1275997561109607,walk
1.24,-0.52,-4.83,1.1275997561109607,walk
1.42,-0.54,-5.36,1.1275997561109607,walk
1.66,-0.61,-5.77,1.1275997561109607,walk
1.84,-0.74,-6.13,1.1275997561109607,walk
1.94,-0.96,-6.37,1.1275997561109607,walk
1.98,-1.18,-6.6,1.1275997561109607,walk
1.98,-1.38,-6.67,1.1275997561109607,walk
1.97,-1.51,-6.49,1.1275997561109607,walk
1.79,-1.59,-6.38,1.1275997561109607,walk
1.55,-1.67,-6.33,1.1275997561109607,walk
1.41,-2.0,-6.24,1.1275997561109607,walk
1.29,-2.39,-6.14,1.1275997561109607,walk
1.08,-2.63,-5.82,1.1275997561109607,walk
0.87,-2.7,-5.16,1.1275997561109607,walk
0.67,-2.52,-4.46,1.1275997561109607,walk
0.6,-2.25,-3.55,1.1275997561109607,walk
0.62,-2.21,-2.38,1.1275997561109607,walk
0.47,-2.21,-1.17,1.1275997561109607,walk
0.14,-1.95,-0.18,1.1275997561109607,walk
-0.22,-1.53,0.46,1.1275997561109607,walk
-0.47,-0.86,0.82,1.1123497377642262,walk
-0.4,-0.42,1.01,1.1123497377642262,walk
0.01,-0.43,1.07,1.1123497377642262,walk
0.29,-0.46,0.7,1.1123497377642262,walk
0.49,-0.21,0.17,1.1123497377642262,walk
0.56,0.28,0.1,1.1123497377642262,walk
0.16,1.3,0.81,1.1123497377642262,walk
-0.3,2.65,2.08,1.1123497377642262,walk
-0.47,3.96,3.39,1.1123497377642262,walk
-0.38,5.08,4.62,1.1123497377642262,walk
-0.41,5.99,5.34,1.1123497377642262,walk
-0.88,7.07,5.61,1.1123497377642262,walk
-1.52,8.67,5.66,1.1123497377642262,walk
-2.21,11.11,5.73,1.1123497377642262,walk
-3.22,14.25,5.63,1.1123497377642262,walk
-4.33,17.35,5.98,1.1123497377642262,walk
-5.0,19.19,6.54,1.1123497377642262,walk
-5.24,19.58,7.15,1.1123497377642262,walk
-5.41,18.97,8.68,1.1123497377642262,walk
-6.05,18.15,11.26,1.1123497377642262,walk
-7.5,17.77,13.67,1.1123497377642262,walk
-9.4,18.15,15.15,1.1123497377642262,walk
-11.41,18.17,14.89,1.1123497377642262,walk
-12.9,16.89,13.35,1.1123497377642262,walk
-13.32,14.45,11.75,1.1123497377642262,walk
-12.72,11.11,10.35,1.1123497377642262,walk
-11.52,7.43,8.9,1.1123497377642262,walk
-10.15,3.72,7.25,1.1123497377642262,walk
-8.64,0.32,5.58,1.1123497377642262,walk
-6.75,-2.53,3.91,1.1123497377642262,walk
-4.83,-4.91,2.0,1.1123497377642262,walk
-2.99,-6.85,0.31,1.1123497377642262,walk
-1.21,-8.35,-1.13,1.1123497377642262,walk
0.23,-9.49,-2.15,1.1123497377642262,walk
1.2,-10.47,-2.52,1.1123497377642262,walk
1.99,-11.32,-2.02,1.1123497377642262,walk
2.6,-12.24,-1.21,1.1123497377642262,walk
3.05,-13.56,-0.74,1.1123497377642262,walk
3.49,-15.24,-0.42,1.1123497377642262,walk
4.08,-16.68,0.1,1.1123497377642262,walk
4.55,-17.35,0.57,1.1123497377642262,walk
4.72,-17.53,0.88,1.1123497377642262,walk
4.89,-17.57,1.06,1.1123497377642262,walk
5.17,-17.48,0.96,1.1123497377642262,walk
5.56,-17.28,0.64,1.1123497377642262,walk
5.99,-17.23,0.32,1.1123497377642262,walk
6.46,-17.31,0.11,1.1123497377642262,walk
6.91,-17.4,0.01,1.1123497377642262,walk
7.27,-17.58,0.04,1.1123497377642262,walk
7.53,-17.57,0.24,1.1123497377642262,walk
7.63,-17.3,0.47,1.1123497377642262,walk
7.53,-16.72,0.64,1.1123497377642262,walk
7.13,-15.79,0.61,1.1123497377642262,walk
6.27,-14.36,0.39,1.1123497377642262,walk
4.85,-12.43,0.24,1.1123497377642262,walk
3.15,-10.65,0.35,1.1123497377642262,walk
1.63,-8.93,0.63,1.1123497377642262,walk
0.51,-7.47,0.77,1.1123497377642262,walk
-0.63,-6.85,0.93,1.1123497377642262,walk
-2.48,-7.08,0.92,1.1123497377642262,walk
-5.88,-6.6,0.84,1.1123497377642262,walk
-10.76,-2.16,1.26,1.1123497377642262,walk
-15.75,6.63,1.6,1.1123497377642262,walk
-21.54,15.03,1.29,1.1123497377642262,walk
-27.59,17.47,2.24,1.1123497377642262,walk
-30.71,18.1,4.81,1.1123497377642262,walk
-30.03,20.38,6.49,1.1123497377642262,walk
-27.71,21.7,7.25,1.1123497377642262,walk
-24.16,21.15,7.82,1.1123497377642262,walk
-19.12,18.59,7.22,1.1123497377642262,walk
-13.34,14.18,4.92,1.1123497377642262,walk
-7.64,9.59,2.1,1.1123497377642262,walk
-3.05,6.27,-0.05,1.1123497377642262,walk
0.02,4.52,-0.83,1.1123497377642262,walk
1.96,3.82,-0.37,1.1123497377642262,walk
3.28,3.65,0.48,1.1123497377642262,walk
4.29,3.41,1.04,1.1123497377642262,walk
5.49,2.79,0.88,1.1123497377642262,walk
6.98,1.65,0.15,1.1123497377642262,walk
8.68,0.52,-0.69,1.1123497377642262,walk
10.23,-0.48,-1.32,1.1123497377642262,walk
11.63,-1.41,-1.48,1.1123497377642262,walk
12.97,-2.3,-1.3,1.1123497377642262,walk
14.34,-2.82,-0.91,1.1123497377642262,walk
15.75,-2.97,-0.29,1.1123497377642262,walk
17.1,-2.9,0.51,1.1123497377642262,walk
18.16,-2.72,1.25,1.1123497377642262,walk
18.49,-2.45,1.66,1.1123497377642262,walk
17.97,-1.79,1.91,1.1123497377642262,walk
16.34,-0.6,2.0,1.1123497377642262,walk
14.47,0.83,1.84,1.1123497377642262,walk
12.72,1.64,1.5,1.1123497377642262,walk
11.41,2.32,1.25,1.1123497377642262,walk
10.63,3.36,1.06,1.1123497377642262,walk
9.4,5.07,1.33,1.1123497377642262,walk
6.9,8.17,2.33,1.1123497377642262,walk
3.07,12.61,3.84,1.1123497377642262,walk
-2.17,18.06,5.52,1.1123497377642262,walk
-8.05,22.9,6.33,1.1123497377642262,walk
-12.56,24.83,6.49,1.1123497377642262,walk
-15.33,24.82,7.14,1.2544522650560403,walk
-17.88,25.22,8.95,1.2544522650560403,walk
-23.35,24.02,11.29,1.2544522650560403,walk
-28.61,21.68,14.59,1.2544522650560403,walk
-29.87,18.57,14.96,1.2544522650560403,walk
-28.92,12.11,12.85,1.2544522650560403,walk
-25.43,5.32,10.3,1.2544522650560403,walk
-20.8,-0.06,7.7,1.2544522650560403,walk
-16.31,-4.25,5.59,1.2544522650560403,walk
-12.47,-7.48,4.19,1.2544522650560403,walk
-9.32,-9.6,3.14,1.2544522650560403,walk
-6.7,-11.01,2.32,1.2544522650560403,walk
-4.44,-12.3,1.67,1.2544522650560403,walk
-2.63,-13.55,0.74,1.2544522650560403,walk
-0.09,-14.44,0.47,1.2544522650560403,walk
2.29,-15.72,0.26,1.2544522650560403,walk
4.16,-17.5,0.12,1.2544522650560403,walk
5.6,-19.18,0.17,1.2544522650560403,walk
6.65,-20.16,0.22,1.2544522650560403,walk
7.26,-20.5,0.18,1.2544522650560403,walk
7.5,-20.5,-0.01,1.2544522650560403,walk
7.56,-20.05,0.04,1.2544522650560403,walk
7.6,-19.41,0.29,1.2544522650560403,walk
7.51,-18.95,0.63,1.2544522650560403,walk
7.57,-18.61,0.92,1.2544522650560403,walk
7.69,-18.63,1.02,1.2544522650560403,walk
7.82,-18.74,1.08,1.2544522650560403,walk
7.76,-18.64,1.18,1.2544522650560403,walk
7.53,-18.19,1.4,1.2544522650560403,walk
7.03,-17.34,1.62,1.2544522650560403,walk
6.1,-16.03,1.72,1.2544522650560403,walk
5.14,-14.48,1.73,1.2544522650560403,walk
4.01,-13.09,1.58,1.2544522650560403,walk
2.46,-12.1,1.3,1.2544522650560403,walk
0.61,-11.26,0.8,1.2544522650560403,walk
-2.02,-10.13,0.3,1.2544522650560403,walk
-4.88,-8.69,0.13,1.2544522650560403,walk
-8.3,-7.76,-0.08,1.2544522650560403,walk
-11.65,-7.87,-0.68,1.2544522650560403,walk
-13.93,-5.68,-2.2,1.2544522650560403,walk
-16.33,1.44,-3.17,1.2544522650560403,walk
-22.67,7.74,-2.02,1.2544522650560403,walk
-32.41,8.95,2.93,1.2544522650560403,walk
-37.54,12.88,9.38,1.2544522650560403,walk
-36.25,20.25,12.04,1.2544522650560403,walk
-31.97,23.9,11.59,1.2544522650560403,walk
-25.7,22.32,10.85,1.2544522650560403,walk
-18.18,18.28,9.62,1.2544522650560403,walk
-10.87,13.57,7.4,1.2544522650560403,walk
-5.08,9.28,4.85,1.2544522650560403,walk
-1.06,6.56,2.97,1.2544522650560403,walk
1.62,5.64,2.02,1.2544522650560403,walk
3.26,5.67,1.64,1.2544522650560403,walk
4.68,5.8,1.37,1.2544522650560403,walk
6.15,5.4,1.08,1.2544522650560403,walk
7.57,4.86,0.76,1.2544522650560403,walk
8.74,4.48,-0.28,1.2544522650560403,walk
9.93,3.43,-1.85,1.2544522650560403,walk
10.94,1.95,-2.52,1.2544522650560403,walk
12.12,0.59,-2.79,1.2544522650560403,walk
13.3,-0.51,-2.88,1.2544522650560403,walk
14.29,-1.21,-2.33,1.2544522650560403,walk
15.36,-1.21,-1.1,1.2544522650560403,walk
16.1,-0.83,0.44,1.2544522650560403,walk
16.33,-0.43,1.67,1.2544522650560403,walk
15.98,-0.11,2.12,1.2544522650560403,walk
15.14,0.18,1.36,1.2544522650560403,walk
14.0,0.45,-0.65,1.2544522650560403,walk
13.01,0.56,-3.02,1.2544522650560403,walk
12.6,0.78,-4.77,1.2544522650560403,walk
12.2,1.55,-5.44,1.2544522650560403,walk
10.97,3.35,-4.66,1.2544522650560403,walk
8.62,6.66,-2.68,1.2544522650560403,walk
4.78,10.39,-0.36,1.2544522650560403,walk
-0.63,13.06,1.46,1.2544522650560403,walk
-6.05,14.69,2.68,1.2544522650560403,walk
-9.94,18.29,4.16,1.2544522650560403,walk
-12.76,24.65,7.23,1.2544522650560403,walk
-16.62,27.92,11.52,1.2544522650560403,walk
-22.74,23.2,16.06,1.2544522650560403,walk
-24.65,18.93,17.58,1.2544522650560403,walk
-24.77,14.28,14.06,1.2544522650560403,walk
-23.21,8.58,10.4,1.2544522650560403,walk
-20.23,3.53,7.74,1.2544522650560403,walk
-17.33,-0.22,5.58,1.2544522650560403,walk
-14.69,-2.54,4.15,1.2544522650560403,walk
-12.38,-4.08,3.37,1.2544522650560403,walk
-10.49,-5.41,2.96,1.2544522650560403,walk
-8.76,-6.67,2.68,1.2544522650560403,walk
-6.82,-7.84,2.48,1.2544522650560403,walk
-5.12,-8.86,1.59,1.2544522650560403,walk
-3.42,-9.39,0.76,1.2544522650560403,walk
-1.81,-10.09,0.84,1.2544522650560403,walk
-0.82,-11.35,1.97,1.2544522650560403,walk
0.1,-12.62,3.68,1.2544522650560403,walk
1.25,-13.46,4.95,1.2544522650560403,walk
2.25,-14.29,5.43,1.2544522650560403,walk
3.25,-15.21,5.16,1.2544522650560403,walk
4.4,-16.07,4.26,1.7481107984767728,walk
5.67,-17.2,2.96,1.7481107984767728,walk
7.2,-18.63,1.44,1.7481107984767728,walk
8.63,-20.2,0.01,1.7481107984767728,walk
9.98,-21.56,-1.02,1.7481107984767728,walk
11.09,-22.4,-1.56,1.7481107984767728,walk
11.5,-22.59,-1.37,1.7481107984767728,walk
11.12,-22.13,-0.36,1.7481107984767728,walk
10.05,-20.87,0.75,1.7481107984767728,walk
8.83,-18.89,1.36,1.7481107984767728,walk
7.49,-16.88,1.45,1.7481107984767728,walk
6.04,-14.93,1.1,1.7481107984767728,walk
4.18,-12.76,0.44,1.7481107984767728,walk
2.48,-10.75,0.29,1.7481107984767728,walk
0.84,-9.88,0.51,1.7481107984767728,walk
-1.44,-9.85,0.47,1.7481107984767728,walk
-5.33,-10.21,-0.08,1.7481107984767728,walk
-11.11,-9.08,-0.7,1.7481107984767728,walk
-16.78,-1.8,0.0,1.7481107984767728,walk
-21.04,11.64,-0.78,1.7481107984767728,walk
-31.85,17.96,-1.78,1.7481107984767728,walk
-40.34,20.87,1.35,1.7481107984767728,walk
-38.48,25.94,3.05,1.7481107984767728,walk
-32.33,25.73,2.4,1.7481107984767728,walk
-24.62,20.48,1.8,1.7481107984767728,walk
-16.76,14.54,0.57,1.7481107984767728,walk
-10.17,9.43,-0.38,1.7481107984767728,walk
-5.12,6.37,-2.2,1.7481107984767728,walk
-1.01,4.23,-5.44,1.7481107984767728,walk
1.32,2.92,-5.45,1.7481107984767728,walk
2.21,2.66,-3.78,1.7481107984767728,walk
2.47,3.02,-2.5,1.7481107984767728,walk
2.81,3.36,-2.16,1.7481107984767728,walk
3.4,3.33,-1.91,1.7481107984767728,walk
4.5,2.43,-1.07,1.7481107984767728,walk
6.0,1.51,0.09,1.7481107984767728,walk
8.01,0.96,0.92,1.7481107984767728,walk
10.39,0.61,0.85,1.7481107984767728,walk
12.91,0.7,0.5,1.7481107984767728,walk
15.26,0.9,0.59,1.7481107984767728,walk
16.85,0.65,1.51,1.7481107984767728,walk
17.66,0.28,2.68,1.7481107984767728,walk
17.95,0.11,3.38,1.7481107984767728,walk
17.84,0.02,3.44,1.7481107984767728,walk
17.66,-0.29,3.14,1.7481107984767728,walk
17.49,-0.18,2.82,1.7481107984767728,walk
17.19,0.75,2.56,1.7481107984767728,walk
16.38,2.14,2.84,1.7481107984767728,walk
14.83,4.12,3.77,1.7481107984767728,walk
12.64,7.03,4.81,1.7481107984767728,walk
9.49,10.62,5.64,1.7481107984767728,walk
5.67,14.63,6.37,1.7481107984767728,walk
2.17,17.44,7.7,1.7481107984767728,walk
-1.27,17.71,9.09,1.7481107984767728,walk
-4.83,16.38,9.69,1.7481107984767728,walk
-8.9,16.24,11.46,1.7481107984767728,walk
-14.94,20.31,15.55,1.7481107984767728,walk
-22.84,24.67,19.48,1.7481107984767728,walk
-30.84,21.68,20.59,1.7481107984767728,walk
-33.82,16.77,17.17,1.7481107984767728,walk
-33.86,11.78,12.45,1.7481107984767728,walk
-31.37,6.74,9.19,1.7481107984767728,walk
-26.99,1.71,7.38,1.7481107984767728,walk
-22.01,-2.97,5.84,1.7481107984767728,walk
-17.58,-6.73,4.41,1.7481107984767728,walk
-14.22,-9.33,2.52,1.7481107984767728,walk
-11.62,-10.49,0.18,1.7481107984767728,walk
-9.33,-10.59,-1.79,1.7481107984767728,walk
-6.87,-10.49,-2.47,1.7481107984767728,walk
-4.45,-10.81,-1.77,1.7481107984767728,walk
-2.35,-11.31,-0.18,1.7481107984767728,walk
-0.59,-11.95,1.89,1.7481107984767728,walk
0.71,-13.06,3.78,1.7481107984767728,walk
1.51,-14.51,5.46,1.7481107984767728,walk
2.19,-16.14,6.45,1.7481107984767728,walk
2.99,-17.5,6.22,1.7481107984767728,walk
3.88,-18.48,5.08,1.7481107984767728,walk
4.87,-19.38,3.59,1.7481107984767728,walk
5.84,-20.61,2.34,1.7481107984767728,walk
7.04,-22.31,1.8,1.7481107984767728,walk
8.28,-24.7,2.04,1.7481107984767728,walk
9.28,-27.67,3.76,1.7481107984767728,walk
10.03,-29.61,5.85,1.7481107984767728,walk
9.27,-29.92,6.86,1.7481107984767728,walk
6.61,-28.33,6.46,1.7481107984767728,walk
3.59,-24.62,5.34,1.7481107984767728,walk
0.82,-20.37,3.27,1.7481107984767728,walk
-0.82,-16.93,0.83,1.7481107984767728,walk
-1.08,-15.28,-1.68,1.7481107984767728,walk
-1.07,-15.4,-3.9,1.7481107984767728,walk
-2.69,-16.3,-4.49,1.7481107984767728,walk
-6.24,-15.93,-3.81,1.7481107984767728,walk
-11.87,-12.64,-3.39,1.7481107984767728,walk
-18.06,-3.97,-1.39,1.7481107984767728,walk
-24.81,9.03,0.55,1.7481107984767728,walk
-34.24,17.84,2.93,1.7481107984767728,walk
-40.01,21.58,8.31,1.7481107984767728,walk
-37.63,24.35,12.51,1.7481107984767728,walk
-31.13,23.99,11.58,1.7481107984767728,walk
-24.36,21.0,8.72,1.7481107984767728,walk
-18.46,18.02,6.95,1.7481107984767728,walk
-13.46,15.44,6.0,1.936449721121226,walk
-8.96,12.84,4.6,1.936449721121226,walk
-4.38,10.29,2.86,1.936449721121226,walk
-0.05,7.8,1.1,1.936449721121226,walk
3.45,5.53,-0.01,1.936449721121226,walk
6.03,3.92,-0.35,1.936449721121226,walk
7.67,3.11,-0.39,1.936449721121226,walk
8.74,2.77,-0.67,1.936449721121226,walk
9.56,2.67,-1.27,1.936449721121226,walk
10.37,2.97,-1.69,1.936449721121226,walk
11.18,3.38,-1.79,1.936449721121226,walk
12.07,3.6,-1.37,1.936449721121226,walk
13.29,3.6,-0.74,1.936449721121226,walk
14.49,3.12,-0.25,1.936449721121226,walk
15.53,2.45,0.17,1.936449721121226,walk
16.28,2.12,0.36,1.936449721121226,walk
16.59,2.46,0.03,1.936449721121226,walk
16.33,3.35,-0.75,1.936449721121226,walk
15.77,4.24,-2.07,1.936449721121226,walk
15.0,4.95,-3.55,1.936449721121226,walk
14.16,5.84,-4.04,1.936449721121226,walk
12.87,7.09,-3.14,1.936449721121226,walk
11.46,9.09,-1.65,1.936449721121226,walk
9.16,11.38,0.06,1.936449721121226,walk
5.65,14.09,1.88,1.936449721121226,walk
0.73,17.19,3.46,1.936449721121226,walk
-5.62,20.1,5.39,1.936449721121226,walk
-11.85,21.54,7.74,1.936449721121226,walk
-15.12,21.49,11.1,1.936449721121226,walk
-17.09,21.73,14.6,1.936449721121226,walk
-21.82,20.08,19.33,1.936449721121226,walk
-25.98,19.58,24.43,1.936449721121226,walk
-31.07,17.12,26.28,1.936449721121226,walk
-33.49,10.27,25.11,1.936449721121226,walk
-30.0,2.24,19.28,1.936449721121226,walk
-23.96,-5.1,12.12,1.936449721121226,walk
-17.79,-9.88,6.74,1.936449721121226,walk
-13.13,-11.59,3.85,1.936449721121226,walk
-10.56,-11.32,3.13,1.936449721121226,walk
-9.17,-10.7,3.12,1.936449721121226,walk
-7.55,-10.77,3.14,1.936449721121226,walk
-5.66,-11.85,2.71,1.936449721121226,walk
-3.38,-12.86,1.25,1.936449721121226,walk
-0.75,-13.47,0.0,1.936449721121226,walk
1.15,-14.61,-0.65,1.936449721121226,walk
2.44,-15.59,-0.5,1.936449721121226,walk
2.99,-16.41,0.36,1.936449721121226,walk
3.26,-17.14,1.42,1.936449721121226,walk
3.71,-17.63,2.24,1.936449721121226,walk
4.18,-18.2,2.89,1.936449721121226,walk
4.57,-19.22,3.13,1.936449721121226,walk
5.21,-20.66,2.87,1.936449721121226,walk
6.44,-22.37,2.17,1.936449721121226,walk
7.84,-24.17,1.15,1.936449721121226,walk
9.0,-25.87,0.35,1.936449721121226,walk
9.6,-26.95,0.22,1.936449721121226,walk
9.53,-26.77,0.89,1.936449721121226,walk
8.65,-25.43,2.04,1.936449721121226,walk
7.12,-23.39,2.84,1.936449721121226,walk
5.11,-20.94,3.11,1.936449721121226,walk
2.87,-18.03,3.06,1.936449721121226,walk
0.67,-15.32,2.98,1.936449721121226,walk
-1.66,-13.18,2.93,1.936449721121226,walk
-3.34,-11.5,3.08,1.936449721121226,walk
-5.46,-10.64,2.74,1.936449721121226,walk
-8.68,-10.54,0.36,1.936449721121226,walk
-12.93,-8.84,-4.36,1.936449721121226,walk
-17.37,-1.05,-7.27,1.936449721121226,walk
-22.78,11.35,-5.82,1.936449721121226,walk
-35.09,15.82,2.32,1.936449721121226,walk
-42.06,18.28,13.72,1.936449721121226,walk
-38.84,24.89,16.63,1.936449721121226,walk
-32.36,26.32,12.29,1.936449721121226,walk
-23.29,22.79,7.74,1.936449721121226,walk
-15.46,16.89,6.86,1.936449721121226,walk
-9.78,12.59,8.06,1.936449721121226,walk
-4.88,10.11,6.99,1.936449721121226,walk
-1.18,8.01,3.88,1.936449721121226,walk
1.68,6.83,0.51,1.936449721121226,walk
3.76,6.11,-2.41,1.936449721121226,walk
5.62,5.68,-4.71,1.936449721121226,walk
7.09,5.18,-5.71,1.936449721121226,walk
8.36,4.47,-5.41,1.936449721121226,walk
10.14,3.23,-5.01,1.936449721121226,walk
11.86,1.45,-3.79,1.936449721121226,walk
13.09,0.3,-2.42,1.936449721121226,walk
14.22,-0.32,-1.62,1.936449721121226,walk
14.47,-0.27,-0.8,1.936449721121226,walk
14.34,0.36,-0.37,1.936449721121226,walk
14.09,1.24,-0.41,1.936449721121226,walk
14.14,1.77,-0.31,1.936449721121226,walk
14.33,1.95,-0.24,1.936449721121226,walk
14.64,1.88,-0.54,1.936449721121226,walk
14.76,1.79,-1.08,1.936449721121226,walk
14.39,2.1,-1.68,1.936449721121226,walk
13.65,2.79,-1.9,1.936449721121226,walk
12.51,4.26,-1.34,1.936449721121226,walk
10.54,6.54,-0.59,1.936449721121226,walk
7.36,9.89,0.3,1.936449721121226,walk
3.2,13.87,1.64,2.453771941814388,walk
-2.12,16.28,2.71,2.453771941814388,walk
-7.79,17.29,3.78,2.453771941814388,walk
-12.46,20.9,6.66,2.453771941814388,walk
-16.28,28.23,10.74,2.453771941814388,walk
-22.4,30.31,13.12,2.453771941814388,walk
-28.13,25.78,15.11,2.453771941814388,walk
-28.91,23.02,15.53,2.453771941814388,walk
-28.88,15.93,14.29,2.453771941814388,walk
-25.99,7.39,12.76,2.453771941814388,walk
-21.52,0.67,9.92,2.453771941814388,walk
-17.09,-3.77,7.02,2.453771941814388,walk
-13.65,-6.32,5.37,2.453771941814388,walk
-11.5,-7.83,4.99,2.453771941814388,walk
-9.74,-8.66,4.85,2.453771941814388,walk
-7.88,-9.35,4.05,2.453771941814388,walk
-5.67,-10.18,3.22,2.453771941814388,walk
-3.72,-11.19,2.06,2.453771941814388,walk
-1.84,-11.49,0.94,2.453771941814388,walk
0.07,-11.38,0.61,2.453771941814388,walk
1.55,-12.1,0.7,2.453771941814388,walk
2.7,-13.12,0.87,2.453771941814388,walk
3.5,-13.82,1.15,2.453771941814388,walk
3.96,-14.56,1.74,2.453771941814388,walk
4.35,-15.36,2.48,2.453771941814388,walk
4.73,-16.09,2.8,2.453771941814388,walk
5.27,-16.76,2.53,2.453771941814388,walk
6.13,-17.88,1.77,2.453771941814388,walk
7.2,-19.48,1.09,2.453771941814388,walk
8.2,-21.37,0.53,2.453771941814388,walk
8.76,-23.24,0.31,2.453771941814388,walk
9.17,-24.19,0.66,2.453771941814388,walk
8.97,-24.01,1.24,2.453771941814388,walk
8.07,-23.03,1.9,2.453771941814388,walk
6.96,-21.15,2.19,2.453771941814388,walk
5.64,-18.95,2.15,2.453771941814388,walk
4.19,-16.89,1.8,2.453771941814388,walk
2.74,-15.31,1.3,2.453771941814388,walk
1.28,-14.39,1.06,2.453771941814388,walk
-0.22,-13.64,0.83,2.453771941814388,walk
-2.74,-13.8,0.24,2.453771941814388,walk
-5.98,-13.74,-0.61,2.453771941814388,walk
-10.66,-9.61,-1.26,2.453771941814388,walk
-16.64,1.27,0.29,2.453771941814388,walk
-26.92,12.28,2.89,2.453771941814388,walk
-38.34,19.42,7.37,2.453771941814388,walk
-42.76,26.22,10.52,2.453771941814388,walk
-39.42,30.27,10.7,2.453771941814388,walk
-31.08,27.62,8.64,2.453771941814388,walk
-20.81,21.76,5.26,2.453771941814388,walk
-11.81,14.71,1.95,2.453771941814388,walk
-5.18,8.84,-0.52,2.453771941814388,walk
-0.01,5.03,-3.11,2.453771941814388,walk
3.32,2.44,-4.44,2.453771941814388,walk
5.18,1.39,-4.65,2.453771941814388,walk
6.49,1.04,-4.52,2.453771941814388,walk
7.86,0.36,-4.05,2.453771941814388,walk
9.36,-0.91,-2.83,2.453771941814388,walk
10.98,-1.68,-1.54,2.453771941814388,walk
12.42,-1.68,-1.03,2.453771941814388,walk
13.25,-1.46,-0.54,2.453771941814388,walk
13.81,-0.36,0.15,2.453771941814388,walk
14.61,1.0,0.83,2.453771941814388,walk
15.35,2.25,1.36,2.453771941814388,walk
15.71,3.49,1.43,2.453771941814388,walk
15.6,4.22,0.95,2.453771941814388,walk
15.06,4.84,0.22,2.453771941814388,walk
13.83,5.75,-0.03,2.453771941814388,walk
11.9,7.08,0.58,2.453771941814388,walk
9.66,9.3,1.94,2.453771941814388,walk
7.18,12.04,3.19,2.453771941814388,walk
4.54,14.77,4.48,2.453771941814388,walk
2.1,17.05,5.79,2.453771941814388,walk
-0.53,18.98,6.04,2.453771941814388,walk
-2.78,21.05,6.14,2.453771941814388,walk
-5.12,21.78,5.9,2.453771941814388,walk
-7.97,20.67,4.67,2.453771941814388,walk
-11.48,18.51,3.25,2.453771941814388,walk
-15.1,15.94,3.98,2.453771941814388,walk
-17.81,15.56,7.64,2.453771941814388,walk
-20.54,16.12,11.92,2.453771941814388,walk
-24.03,14.46,13.85,2.453771941814388,walk
-25.99,12.61,12.65,2.453771941814388,walk
-26.93,9.31,10.4,2.453771941814388,walk
-26.09,5.36,8.71,2.453771941814388,walk
-23.95,2.37,6.56,2.453771941814388,walk
-21.37,0.32,4.81,2.453771941814388,walk
-18.82,-1.0,4.83,2.453771941814388,walk
-16.36,-2.19,6.52,2.453771941814388,walk
-14.03,-4.29,8.53,2.453771941814388,walk
-11.5,-7.18,9.61,2.453771941814388,walk
-8.59,-10.15,9.31,2.453771941814388,walk
-6.05,-12.58,7.86,2.453771941814388,walk
-3.8,-14.49,6.47,2.453771941814388,walk
-1.64,-15.82,5.34,2.453771941814388,walk
0.23,-16.64,4.59,2.453771941814388,walk
1.75,-17.05,4.32,2.453771941814388,walk
2.92,-17.27,4.45,2.453771941814388,walk
3.7,-17.91,4.76,2.453771941814388,walk
4.2,-18.97,4.97,3.0822867851356888,walk
5.02,-20.32,4.92,3.0822867851356888,walk
6.12,-21.54,3.92,3.0822867851356888,walk
7.28,-22.87,2.19,3.0822867851356888,walk
8.7,-24.39,-0.59,3.0822867851356888,walk
10.18,-25.75,-3.63,3.0822867851356888,walk
10.92,-27.11,-5.23,3.0822867851356888,walk
10.85,-28.55,-4.0,3.0822867851356888,walk
10.36,-28.91,-0.96,3.0822867851356888,walk
9.94,-28.06,1.99,3.0822867851356888,walk
8.81,-26.17,2.62,3.0822867851356888,walk
6.58,-23.14,1.11,3.0822867851356888,walk
3.42,-19.2,-1.23,3.0822867851356888,walk
-0.14,-14.65,-3.16,3.0822867851356888,walk
-3.0,-10.7,-4.47,3.0822867851356888,walk
-5.05,-9.49,-4.61,3.0822867851356888,walk
-7.15,-11.34,-3.05,3.0822867851356888,walk
-10.66,-13.78,-1.78,3.0822867851356888,walk
-16.51,-11.09,-0.81,3.0822867851356888,walk
-20.85,0.31,0.04,3.0822867851356888,walk
-29.95,10.52,-0.84,3.0822867851356888,walk
-41.76,12.96,1.08,3.0822867851356888,walk
-42.14,20.77,4.79,3.0822867851356888,walk
-35.81,25.07,5.67,3.0822867851356888,walk
-27.46,22.04,5.75,3.0822867851356888,walk
-19.52,18.46,5.7,3.0822867851356888,walk
-13.61,14.44,6.07,3.0822867851356888,walk
-8.95,11.98,5.95,3.0822867851356888,walk
-5.53,10.46,4.89,3.0822867851356888,walk
-2.89,8.81,3.55,3.0822867851356888,walk
-0.61,7.59,1.9,3.0822867851356888,walk
1.5,6.9,0.18,3.0822867851356888,walk
3.54,6.25,-1.29,3.0822867851356888,walk
5.37,5.42,-2.19,3.0822867851356888,walk
6.87,4.8,-2.75,3.0822867851356888,walk
8.24,4.26,-3.85,3.0822867851356888,walk
9.47,3.57,-4.22,3.0822867851356888,walk
10.64,3.16,-3.49,3.0822867851356888,walk
11.66,3.05,-2.46,3.0822867851356888,walk
12.73,3.1,-0.95,3.0822867851356888,walk
13.86,3.21,0.34,3.0822867851356888,walk
14.82,3.0,0.88,3.0822867851356888,walk
15.17,2.76,1.05,3.0822867851356888,walk
15.23,3.0,0.85,3.0822867851356888,walk
14.56,4.12,-0.38,3.0822867851356888,walk
13.31,5.03,-2.34,3.0822867851356888,walk
12.27,5.85,-3.76,3.0822867851356888,walk
11.6,6.54,-4.2,3.0822867851356888,walk
11.24,6.98,-3.6,3.0822867851356888,walk
10.66,7.56,-2.58,3.0822867851356888,walk
9.34,8.75,-1.44,3.0822867851356888,walk
7.0,10.6,0.21,3.0822867851356888,walk
3.69,12.76,1.48,3.0822867851356888,walk
-0.98,15.4,1.44,3.0822867851356888,walk
-5.55,17.39,1.67,3.0822867851356888,walk
-8.65,19.85,3.57,3.0822867851356888,walk
-11.08,23.52,7.61,3.0822867851356888,walk
-14.82,24.11,12.35,3.0822867851356888,walk
-19.97,19.0,16.1,3.0822867851356888,walk
-21.34,15.18,16.61,3.0822867851356888,walk
-21.99,10.77,12.94,3.0822867851356888,walk
-20.58,5.63,10.37,3.0822867851356888,walk
-18.17,0.6,9.15,3.0822867851356888,walk
-15.59,-3.68,7.91,3.0822867851356888,walk
-12.94,-6.02,6.49,3.0822867851356888,walk
-10.71,-7.2,5.36,3.0822867851356888,walk
-9.13,-7.76,4.5,3.0822867851356888,walk
-7.93,-7.9,3.69,3.0822867851356888,walk
-6.89,-8.01,3.36,3.0822867851356888,walk
-5.68,-7.74,3.58,3.0822867851356888,walk
-4.22,-7.63,3.99,3.0822867851356888,walk
-2.77,-8.27,4.4,3.0822867851356888,walk
-1.3,-9.28,4.22,3.0822867851356888,walk
0.12,-10.43,3.76,3.0822867851356888,walk
1.39,-11.73,3.09,3.0822867851356888,walk
2.62,-12.89,2.07,3.0822867851356888,walk
3.75,-13.63,1.16,3.0822867851356888,walk
4.81,-14.3,0.38,3.0822867851356888,walk
5.76,-15.21,-0.02,3.0822867851356888,walk
6.85,-16.6,-0.42,3.0822867851356888,walk
8.1,-18.7,-1.07,3.0822867851356888,walk
9.29,-21.48,-1.54,3.0822867851356888,walk
10.63,-23.98,-1.25,3.0822867851356888,walk
11.92,-25.39,-0.57,3.0822867851356888,walk
12.41,-26.11,0.18,3.0822867851356888,walk
12.3,-26.25,0.6,3.0822867851356888,walk
11.61,-25.84,0.36,3.0822867851356888,walk
10.36,-24.87,-0.4,3.0822867851356888,walk
8.51,-24.09,-0.85,3.0822867851356888,walk
6.08,-23.47,-0.84,3.0822867851356888,walk
2.83,-21.79,-0.4,3.0822867851356888,walk
-1.62,-19.78,0.06,3.0822867851356888,walk
-7.75,-18.3,-0.08,3.0822867851356888,walk
-15.45,-14.45,-0.47,3.0822867851356888,walk
-23.38,-3.22,0.55,3.0822867851356888,walk
-31.65,14.38,2.14,3.0822867851356888,walk
-44.62,22.25,3.79,3.0822867851356888,walk
-52.49,23.52,9.11,3.0822867851356888,walk
-47.25,27.74,13.05,3.0822867851356888,walk
-37.4,26.77,11.92,2.601539494985844,walk
-27.11,20.47,8.78,2.601539494985844,walk
-17.05,13.7,5.07,2.601539494985844,walk
-8.38,8.69,1.37,2.601539494985844,walk
-2.63,5.2,-1.26,2.601539494985844,walk
0.4,3.88,-1.63,2.601539494985844,walk
1.36,4.95,-2.7,2.601539494985844,walk
1.99,5.92,-4.82,2.601539494985844,walk
2.26,6.35,-5.19,2.601539494985844,walk
3.18,6.63,-5.36,2.601539494985844,walk
4.35,5.85,-6.15,2.601539494985844,walk
6.15,4.39,-6.46,2.601539494985844,walk
8.05,1.88,-6.42,2.601539494985844,walk
10.12,-2.33,-4.32,2.601539494985844,walk
13.15,-5.6,-1.45,2.601539494985844,walk
16.08,-8.23,0.78,2.601539494985844,walk
18.66,-9.16,0.65,2.601539494985844,walk
19.53,-7.98,-1.03,2.601539494985844,walk
18.22,-5.24,-1.77,2.601539494985844,walk
15.53,-1.14,-1.71,2.601539494985844,walk
13.21,2.65,-1.16,2.601539494985844,walk
11.72,4.9,-0.72,2.601539494985844,walk
10.57,6.5,0.15,2.601539494985844,walk
9.9,8.26,1.56,2.601539494985844,walk
9.22,9.91,3.13,2.601539494985844,walk
8.37,11.73,3.99,2.601539494985844,walk
6.93,13.78,4.34,2.601539494985844,walk
4.7,16.18,4.87,2.601539494985844,walk
2.11,18.11,6.32,2.601539494985844,walk
-0.7,18.59,8.16,2.601539494985844,walk
-4.22,17.34,9.2,2.601539494985844,walk
-9.2,15.27,9.64,2.601539494985844,walk
-14.09,15.94,11.17,2.601539494985844,walk
-18.85,19.4,13.82,2.601539494985844,walk
-22.77,22.51,15.35,2.601539494985844,walk
-26.82,20.48,15.43,2.601539494985844,walk
-27.85,15.84,14.86,2.601539494985844,walk
-26.53,9.79,13.04,2.601539494985844,walk
-24.09,3.93,12.0,2.601539494985844,walk
-21.48,-0.27,11.07,2.601539494985844,walk
-18.86,-2.58,9.89,2.601539494985844,walk
-16.28,-3.9,9.06,2.601539494985844,walk
-13.86,-4.97,8.5,2.601539494985844,walk
-11.59,-6.54,8.0,2.601539494985844,walk
-9.19,-8.76,7.31,2.601539494985844,walk
-6.55,-11.08,6.38,2.601539494985844,walk
-4.72,-13.36,4.59,2.601539494985844,walk
-2.23,-14.55,3.12,2.601539494985844,walk
0.46,-15.46,1.56,2.601539494985844,walk
2.61,-16.67,0.13,2.601539494985844,walk
4.06,-17.76,-0.1,2.601539494985844,walk
5.08,-18.4,0.59,2.601539494985844,walk
5.63,-18.83,1.0,2.601539494985844,walk
5.69,-19.38,0.87,2.601539494985844,walk
5.75,-20.08,0.44,2.601539494985844,walk
6.03,-21.73,-0.66,2.601539494985844,walk
7.08,-23.95,-2.11,2.601539494985844,walk
8.21,-26.41,-3.56,2.601539494985844,walk
9.09,-28.42,-3.66,2.601539494985844,walk
9.2,-28.81,-2.31,2.601539494985844,walk
8.42,-28.06,-0.16,2.601539494985844,walk
7.23,-26.52,1.57,2.601539494985844,walk
5.95,-24.21,2.04,2.601539494985844,walk
4.64,-21.56,1.38,2.601539494985844,walk
3.06,-18.78,-0.28,2.601539494985844,walk
1.32,-16.12,-2.16,2.601539494985844,walk
-0.59,-14.28,-3.18,2.601539494985844,walk
-2.2,-13.79,-2.3,2.601539494985844,walk
-3.71,-14.4,0.2,2.601539494985844,walk
-7.11,-13.99,2.54,2.601539494985844,walk
-13.94,-9.25,2.23,2.601539494985844,walk
-20.39,1.71,0.12,2.601539494985844,walk
-25.62,15.61,-2.32,2.601539494985844,walk
-35.16,21.6,-3.26,2.601539494985844,walk
-41.01,22.13,0.37,2.601539494985844,walk
-37.44,24.77,5.85,2.601539494985844,walk
-30.4,23.79,9.34,2.601539494985844,walk
-22.98,20.01,10.54,2.601539494985844,walk
-15.72,16.42,9.99,2.601539494985844,walk
-9.43,12.52,8.29,2.601539494985844,walk
-4.36,9.25,6.1,2.601539494985844,walk
-0.75,6.73,4.12,2.601539494985844,walk
1.84,4.93,2.35,2.601539494985844,walk
3.91,3.74,0.6,2.601539494985844,walk
5.45,2.84,-0.93,2.601539494985844,walk
6.62,2.37,-1.82,2.601539494985844,walk
7.51,2.38,-2.22,2.601539494985844,walk
8.16,2.64,-2.23,2.601539494985844,walk
8.73,2.68,-1.79,2.601539494985844,walk
9.45,2.65,-1.11,2.601539494985844,walk
10.47,2.96,-0.45,2.601539494985844,walk
11.25,3.06,0.12,2.601539494985844,walk
11.89,3.19,0.48,2.601539494985844,walk
12.45,3.24,0.77,2.601539494985844,walk
12.93,3.07,1.21,2.601539494985844,walk
13.36,3.01,1.65,2.601539494985844,walk
13.6,2.66,1.91,2.601539494985844,walk
13.66,2.15,1.68,2.601539494985844,walk
13.64,1.97,0.87,2.601539494985844,walk
13.26,2.22,-0.14,2.750611665967518,walk
12.52,2.88,-0.68,2.750611665967518,walk
11.68,3.31,-0.65,2.750611665967518,walk
11.14,3.83,-0.46,2.750611665967518,walk
10.33,4.86,-0.3,2.750611665967518,walk
8.79,6.08,0.48,2.750611665967518,walk
6.33,7.93,1.24,2.750611665967518,walk
2.49,10.99,1.37,2.750611665967518,walk
-2.49,13.99,1.81,2.750611665967518,walk
-7.05,17.24,3.09,2.750611665967518,walk
-10.91,22.91,5.06,2.750611665967518,walk
-15.43,29.04,7.29,2.750611665967518,walk
-22.32,29.34,10.46,2.750611665967518,walk
-26.41,26.84,15.01,2.750611665967518,walk
-27.66,23.58,16.1,2.750611665967518,walk
-27.7,17.66,14.28,2.750611665967518,walk
-25.42,11.05,11.39,2.750611665967518,walk
-22.24,4.65,8.47,2.750611665967518,walk
-18.64,-0.17,6.17,2.750611665967518,walk
-15.04,-2.87,4.43,2.750611665967518,walk
-12.25,-4.7,3.44,2.750611665967518,walk
-10.08,-6.31,2.95,2.750611665967518,walk
-8.13,-7.94,2.62,2.750611665967518,walk
-5.95,-9.61,2.51,2.750611665967518,walk
-3.99,-11.37,2.15,2.750611665967518,walk
-2.01,-13.08,1.78,2.750611665967518,walk
0.02,-14.96,1.61,2.750611665967518,walk
1.44,-17.29,1.49,2.750611665967518,walk
2.43,-19.56,1.81,2.750611665967518,walk
3.05,-21.28,2.88,2.750611665967518,walk
3.58,-22.28,3.6,2.750611665967518,walk
3.9,-22.91,3.23,2.750611665967518,walk
4.29,-23.76,2.1,2.750611665967518,walk
4.89,-24.85,0.99,2.750611665967518,walk
5.8,-26.24,0.1,2.750611665967518,walk
6.76,-27.46,-0.6,2.750611665967518,walk
7.38,-27.88,-0.73,2.750611665967518,walk
7.34,-27.15,0.2,2.750611665967518,walk
6.37,-25.71,1.31,2.750611665967518,walk
4.75,-23.43,2.11,2.750611665967518,walk
2.77,-20.31,2.26,2.750611665967518,walk
0.56,-17.35,1.92,2.750611665967518,walk
-1.67,-14.52,1.33,2.750611665967518,walk
-3.22,-12.43,0.41,2.750611665967518,walk
-4.19,-12.3,-0.9,2.750611665967518,walk
-5.51,-14.08,-2.22,2.750611665967518,walk
-7.95,-15.31,-3.33,2.750611665967518,walk
-11.81,-11.61,-3.71,2.750611665967518,walk
-18.56,-1.31,-2.0,2.750611665967518,walk
-28.7,9.49,2.21,2.750611665967518,walk
-38.52,16.38,7.92,2.750611665967518,walk
-40.8,22.09,11.24,2.750611665967518,walk
-35.73,25.02,8.59,2.750611665967518,walk
-27.41,22.51,4.44,2.750611665967518,walk
-19.01,16.9,1.22,2.750611665967518,walk
-12.74,11.76,0.0,2.750611665967518,walk
-8.21,8.64,0.59,2.750611665967518,walk
-5.0,7.18,1.42,2.750611665967518,walk
-2.6,6.76,0.82,2.750611665967518,walk
-0.15,6.05,-0.63,2.750611665967518,walk
1.44,5.01,-0.48,2.750611665967518,walk
2.76,4.5,0.39,2.750611665967518,walk
3.99,3.96,0.78,2.750611665967518,walk
5.11,3.47,0.91,2.750611665967518,walk
6.24,3.33,0.99,2.750611665967518,walk
7.3,3.56,1.25,2.750611665967518,walk
8.59,3.84,1.83,2.750611665967518,walk
10.1,4.03,2.52,2.750611665967518,walk
11.64,4.23,2.84,2.750611665967518,walk
12.97,4.35,2.74,2.750611665967518,walk
14.06,4.23,2.46,2.750611665967518,walk
14.72,3.87,2.18,2.750611665967518,walk
14.95,3.54,1.97,2.750611665967518,walk
14.72,3.37,1.66,2.750611665967518,walk
14.2,3.6,0.87,2.750611665967518,walk
13.6,4.09,-0.17,2.750611665967518,walk
13.03,4.79,-0.87,2.750611665967518,walk
12.5,5.88,-1.11,2.750611665967518,walk
11.77,6.98,-0.71,2.750611665967518,walk
10.48,8.39,0.4,2.750611665967518,walk
8.31,10.36,1.74,2.750611665967518,walk
4.88,12.53,3.14,2.750611665967518,walk
-0.09,14.66,4.13,2.750611665967518,walk
-5.85,16.27,5.32,2.750611665967518,walk
-10.66,18.84,8.29,2.750611665967518,walk
-14.63,23.7,12.28,2.750611665967518,walk
-20.18,26.21,15.49,2.750611665967518,walk
-26.51,22.57,17.59,2.750611665967518,walk
-28.46,18.85,17.25,2.750611665967518,walk
-28.76,14.18,14.62,2.750611665967518,walk
-27.38,8.52,12.82,2.750611665967518,walk
-24.69,2.5,11.25,2.750611665967518,walk
-20.87,-2.6,8.65,2.750611665967518,walk
-17.01,-6.06,5.64,2.750611665967518,walk
-13.76,-8.06,3.42,2.750611665967518,walk
-11.33,-9.08,2.41,2.750611665967518,walk
-9.32,-9.76,2.39,2.750611665967518,walk
-7.17,-10.53,2.79,2.750611665967518,walk
-5.04,-11.62,2.79,2.8781276096799697,walk
-2.95,-12.52,2.13,2.8781276096799697,walk
-0.83,-13.29,1.38,2.8781276096799697,walk
1.07,-14.32,0.85,2.8781276096799697,walk
2.58,-15.41,0.57,2.8781276096799697,walk
3.52,-16.23,0.49,2.8781276096799697,walk
4.06,-16.85,0.71,2.8781276096799697,walk
4.2,-17.39,1.22,2.8781276096799697,walk
4.23,-17.92,1.62,2.8781276096799697,walk
4.27,-18.72,1.73,2.8781276096799697,walk
4.89,-19.58,1.62,2.8781276096799697,walk
5.87,-20.48,1.0,2.8781276096799697,walk
6.73,-21.78,0.39,2.8781276096799697,walk
7.46,-23.2,0.21,2.8781276096799697,walk
7.93,-24.23,0.39,2.8781276096799697,walk
7.96,-24.47,0.93,2.8781276096799697,walk
7.47,-23.94,1.67,2.8781276096799697,walk
6.79,-22.67,2.12,2.8781276096799697,walk
6.0,-21.21,2.11,2.8781276096799697,walk
5.13,-19.81,1.72,2.8781276096799697,walk
4.39,-18.29,0.8,2.8781276096799697,walk
3.52,-16.75,-0.32,2.8781276096799697,walk
2.16,-15.57,-1.17,2.8781276096799697,walk
-0.04,-16.06,-1.98,2.8781276096799697,walk
-3.89,-17.94,-2.56,2.8781276096799697,walk
-8.67,-16.03,-2.9,2.8781276096799697,walk
-16.37,-5.94,-2.81,2.8781276096799697,walk
-28.49,8.23,-1.35,2.8781276096799697,walk
-43.65,18.11,3.0,2.8781276096799697,walk
-53.82,23.27,8.44,2.8781276096799697,walk
-52.24,28.43,11.62,2.8781276096799697,walk
-43.16,29.93,11.81,2.8781276096799697,walk
-31.5,24.47,9.61,2.8781276096799697,walk
-19.77,16.79,6.22,2.8781276096799697,walk
-10.8,10.25,1.51,2.8781276096799697,walk
-3.92,4.85,-3.67,2.8781276096799697,walk
0.52,1.73,-5.83,2.8781276096799697,walk
2.51,1.51,-5.87,2.8781276096799697,walk
3.06,2.7,-4.77,2.8781276096799697,walk
2.96,4.25,-2.89,2.8781276096799697,walk
3.17,5.21,-0.76,2.8781276096799697,walk
3.8,5.29,1.34,2.8781276096799697,walk
4.98,5.29,2.42,2.8781276096799697,walk
6.44,4.91,2.54,2.8781276096799697,walk
8.12,4.0,2.68,2.8781276096799697,walk
10.01,2.94,2.75,2.8781276096799697,walk
12.07,1.93,2.68,2.8781276096799697,walk
13.94,0.9,2.54,2.8781276096799697,walk
15.28,-0.22,2.41,2.8781276096799697,walk
16.16,-1.0,2.36,2.8781276096799697,walk
16.55,-1.22,2.52,2.8781276096799697,walk
16.42,-1.01,2.62,2.8781276096799697,walk
15.64,-0.65,2.3,2.8781276096799697,walk
14.48,-0.21,1.47,2.8781276096799697,walk
13.32,0.54,0.18,2.8781276096799697,walk
12.64,1.43,-1.33,2.8781276096799697,walk
11.99,2.61,-2.53,2.8781276096799697,walk
10.78,4.57,-2.73,2.8781276096799697,walk
7.88,7.97,-1.71,2.8781276096799697,walk
1.8,12.46,0.36,2.8781276096799697,walk
-5.86,18.2,2.99,2.8781276096799697,walk
-13.44,26.13,5.78,2.8781276096799697,walk
-18.08,34.72,10.58,2.8781276096799697,walk
-21.86,35.36,14.88,2.8781276096799697,walk
-25.93,26.06,17.54,2.8781276096799697,walk
-25.6,17.35,18.51,2.8781276096799697,walk
-23.59,10.76,15.99,2.8781276096799697,walk
-21.93,5.59,12.14,2.8781276096799697,walk
-20.01,1.95,9.15,2.8781276096799697,walk
-17.72,-0.52,6.87,2.8781276096799697,walk
-15.46,-2.43,5.48,2.8781276096799697,walk
-13.24,-4.5,4.78,2.8781276096799697,walk
-11.12,-6.69,3.99,2.8781276096799697,walk
-9.06,-8.68,3.1,2.8781276096799697,walk
-6.82,-10.4,2.51,2.8781276096799697,walk
-4.86,-12.1,2.09,2.8781276096799697,walk
-3.19,-13.39,2.2,2.8781276096799697,walk
-1.33,-14.61,2.83,2.8781276096799697,walk
0.42,-16.04,2.96,2.8781276096799697,walk
1.68,-17.62,3.08,2.8781276096799697,walk
2.8,-19.46,3.26,2.8781276096799697,walk
4.0,-21.41,2.87,2.8781276096799697,walk
5.01,-22.84,2.0,2.8781276096799697,walk
5.92,-23.59,1.13,2.8781276096799697,walk
6.62,-23.97,0.44,2.8781276096799697,walk
6.91,-24.07,-0.07,2.8781276096799697,walk
7.2,-23.99,-0.38,2.8781276096799697,walk
7.51,-24.03,-0.64,2.8781276096799697,walk
7.62,-24.16,-0.58,2.8781276096799697,walk
7.56,-23.97,0.08,2.8781276096799697,walk
7.05,-23.04,0.75,2.8781276096799697,walk
5.88,-21.74,1.06,2.8781276096799697,walk
3.96,-20.27,1.14,2.8781276096799697,walk
1.84,-18.58,0.95,2.8781276096799697,walk
-0.53,-16.98,0.19,2.8781276096799697,walk
-2.87,-15.27,-0.81,2.8781276096799697,walk
-4.6,-12.67,-2.23,2.8781276096799697,walk
-6.82,-11.0,-4.37,2.8781276096799697,walk
-8.76,-12.23,-5.13,2.8781276096799697,walk
-9.54,-13.07,-3.59,2.8781276096799697,walk
-11.67,-10.12,-0.9,2.8781276096799697,walk
-19.06,-2.86,2.67,2.8244030200117245,walk
-31.09,5.41,7.61,2.8244030200117245,walk
-41.9,14.47,11.78,2.8244030200117245,walk
-45.54,24.18,13.72,2.8244030200117245,walk
-40.93,29.11,13.1,2.8244030200117245,walk
-31.64,25.67,11.8,2.8244030200117245,walk
-21.04,18.59,9.56,2.8244030200117245,walk
-12.52,11.83,7.26,2.8244030200117245,walk
-6.92,7.05,5.56,2.8244030200117245,walk
-3.14,6.08,4.37,2.8244030200117245,walk
-0.56,6.45,3.51,2.8244030200117245,walk
1.32,6.49,2.75,2.8244030200117245,walk
3.17,6.34,2.24,2.8244030200117245,walk
4.94,5.83,1.79,2.8244030200117245,walk
6.34,5.52,1.24,2.8244030200117245,walk
7.46,5.68,0.47,2.8244030200117245,walk
8.61,5.88,-0.23,2.8244030200117245,walk
9.71,5.53,-0.81,2.8244030200117245,walk
10.94,4.84,-1.28,2.8244030200117245,walk
12.22,4.06,-1.47,2.8244030200117245,walk
13.4,3.4,-1.37,2.8244030200117245,walk
14.26,2.76,-1.14,2.8244030200117245,walk
14.81,2.36,-0.91,2.8244030200117245,walk
14.8,2.06,-0.91,2.8244030200117245,walk
14.52,1.94,-1.31,2.8244030200117245,walk
14.1,1.95,-2.15,2.8244030200117245,walk
13.7,1.62,-2.9,2.8244030200117245,walk
13.32,1.16,-3.57,2.8244030200117245,walk
13.04,1.11,-4.09,2.8244030200117245,walk
12.66,1.35,-4.34,2.8244030200117245,walk
11.96,1.62,-4.23,2.8244030200117245,walk
10.91,2.44,-3.72,2.8244030200117245,walk
9.51,3.23,-3.31,2.8244030200117245,walk
7.16,3.32,-2.75,2.8244030200117245,walk
3.69,3.55,-1.81,2.8244030200117245,walk
-1.09,6.38,0.44,2.8244030200117245,walk
-8.31,13.24,3.71,2.8244030200117245,walk
-16.07,22.68,7.17,2.8244030200117245,walk
-24.25,26.8,10.05,2.8244030200117245,walk
-30.41,24.73,12.84,2.8244030200117245,walk
-33.03,22.98,13.35,2.8244030200117245,walk
-32.89,20.1,13.05,2.8244030200117245,walk
-29.48,14.44,12.38,2.8244030200117245,walk
-24.48,7.59,10.57,2.8244030200117245,walk
-18.69,1.28,7.71,2.8244030200117245,walk
-13.61,-3.55,4.87,2.8244030200117245,walk
-9.76,-5.88,2.74,2.8244030200117245,walk
-7.32,-6.06,1.4,2.8244030200117245,walk
-5.82,-5.14,1.15,2.8244030200117245,walk
-4.67,-4.3,1.63,2.8244030200117245,walk
-3.34,-4.14,2.29,2.8244030200117245,walk
-2.1,-4.65,2.44,2.8244030200117245,walk
-0.73,-5.22,2.44,2.8244030200117245,walk
0.51,-6.0,2.55,2.8244030200117245,walk
1.6,-7.12,2.89,2.8244030200117245,walk
2.59,-8.39,3.11,2.8244030200117245,walk
3.33,-9.71,3.06,2.8244030200117245,walk
4.08,-10.84,2.81,2.8244030200117245,walk
4.69,-12.08,2.56,2.8244030200117245,walk
5.16,-13.91,2.59,2.8244030200117245,walk
6.17,-16.15,2.87,2.8244030200117245,walk
7.74,-18.81,2.26,2.8244030200117245,walk
9.36,-21.57,0.91,2.8244030200117245,walk
10.9,-23.7,-0.53,2.8244030200117245,walk
11.91,-25.1,-1.39,2.8244030200117245,walk
11.96,-25.41,-1.27,2.8244030200117245,walk
11.11,-24.58,-0.39,2.8244030200117245,walk
9.91,-23.23,0.23,2.8244030200117245,walk
8.64,-22.27,0.14,2.8244030200117245,walk
7.69,-21.88,-0.13,2.8244030200117245,walk
6.74,-21.37,-1.06,2.8244030200117245,walk
4.78,-20.07,-2.9,2.8244030200117245,walk
1.19,-18.14,-5.37,2.8244030200117245,walk
-4.37,-16.15,-7.52,2.8244030200117245,walk
-11.06,-12.79,-8.24,2.8244030200117245,walk
-17.16,-6.75,-6.97,2.8244030200117245,walk
-22.97,0.85,-3.78,2.8244030200117245,walk
-30.24,5.98,1.46,2.8244030200117245,walk
-37.34,8.01,6.96,2.8244030200117245,walk
-39.22,11.81,9.44,2.8244030200117245,walk
-35.57,17.37,7.33,2.8244030200117245,walk
-29.42,18.72,4.03,2.8244030200117245,walk
-21.77,15.49,1.62,2.8244030200117245,walk
-13.86,10.43,-0.46,2.8244030200117245,walk
-7.41,5.16,-1.94,2.8244030200117245,walk
-3.29,1.4,-2.11,2.8244030200117245,walk
-0.89,0.79,-0.31,2.8244030200117245,walk
0.09,2.02,1.8,2.8244030200117245,walk
0.32,3.31,3.05,2.8244030200117245,walk
0.79,4.5,3.37,2.8244030200117245,walk
1.56,5.54,2.73,2.8244030200117245,walk
2.4,6.16,1.93,2.8244030200117245,walk
3.5,6.84,1.07,2.8244030200117245,walk
4.7,7.48,-0.05,2.8244030200117245,walk
6.25,7.59,-1.08,2.8244030200117245,walk
8.23,7.27,-1.56,2.8244030200117245,walk
10.34,6.76,-1.48,2.8244030200117245,walk
12.33,6.12,-1.03,2.8244030200117245,walk
14.0,5.4,-0.61,2.8244030200117245,walk
15.29,4.56,-0.55,2.6843721126402533,walk
16.16,3.73,-1.18,2.6843721126402533,walk
16.29,2.98,-2.42,2.6843721126402533,walk
15.97,2.54,-3.65,2.6843721126402533,walk
15.2,2.82,-4.44,2.6843721126402533,walk
14.23,4.01,-4.33,2.6843721126402533,walk
13.25,5.28,-3.29,2.6843721126402533,walk
12.28,6.1,-1.85,2.6843721126402533,walk
11.17,6.7,-0.58,2.6843721126402533,walk
9.36,8.19,0.26,2.6843721126402533,walk
6.02,10.57,0.42,2.6843721126402533,walk
0.97,13.33,0.14,2.6843721126402533,walk
-5.43,15.3,0.0,2.6843721126402533,walk
-11.81,17.06,1.58,2.6843721126402533,walk
-15.92,21.29,5.88,2.6843721126402533,walk
-17.45,26.39,8.82,2.6843721126402533,walk
-22.52,23.26,9.2,2.6843721126402533,walk
-25.21,18.5,10.66,2.6843721126402533,walk
-24.24,16.15,9.25,2.6843721126402533,walk
-23.05,11.81,7.14,2.6843721126402533,walk
-20.98,6.08,6.83,2.6843721126402533,walk
-18.21,1.01,6.72,2.6843721126402533,walk
-15.25,-3.07,6.21,2.6843721126402533,walk
-12.36,-5.84,5.37,2.6843721126402533,walk
-9.94,-7.16,4.41,2.6843721126402533,walk
-8.08,-7.74,3.83,2.6843721126402533,walk
-6.53,-8.45,3.64,2.6843721126402533,walk
-4.76,-9.35,3.78,2.6843721126402533,walk
-3.02,-10.3,3.75,2.6843721126402533,walk
-1.49,-10.75,3.32,2.6843721126402533,walk
0.34,-11.17,3.18,2.6843721126402533,walk
1.93,-12.3,2.95,2.6843721126402533,walk
3.47,-13.47,3.12,2.6843721126402533,walk
4.64,-14.58,3.32,2.6843721126402533,walk
5.36,-15.72,3.3,2.6843721126402533,walk
6.08,-16.45,3.15,2.6843721126402533,walk
6.63,-16.75,2.88,2.6843721126402533,walk
7.16,-17.31,2.55,2.6843721126402533,walk
7.71,-18.64,1.98,2.6843721126402533,walk
8.55,-20.31,1.28,2.6843721126402533,walk
9.42,-22.25,0.7,2.6843721126402533,walk
10.56,-24.29,0.34,2.6843721126402533,walk
11.44,-25.01,-0.02,2.6843721126402533,walk
10.72,-24.49,0.05,2.6843721126402533,walk
8.56,-22.53,0.8,2.6843721126402533,walk
5.77,-19.51,1.44,2.6843721126402533,walk
2.74,-16.13,1.53,2.6843721126402533,walk
-0.08,-12.79,1.06,2.6843721126402533,walk
-2.25,-10.69,-0.81,2.6843721126402533,walk
-3.68,-11.63,-3.81,2.6843721126402533,walk
-5.07,-14.39,-6.41,2.6843721126402533,walk
-7.6,-13.7,-7.16,2.6843721126402533,walk
-13.1,-6.21,-4.08,2.6843721126402533,walk
-23.18,5.23,1.33,2.6843721126402533,walk
-37.01,12.75,5.42,2.6843721126402533,walk
-43.96,19.15,10.49,2.6843721126402533,walk
-40.4,22.94,13.54,2.6843721126402533,walk
-31.13,20.72,11.78,2.6843721126402533,walk
-20.66,15.52,7.93,2.6843721126402533,walk
-12.67,9.15,4.9,2.6843721126402533,walk
-7.13,4.15,4.3,2.6843721126402533,walk
-3.06,2.12,4.02,2.6843721126402533,walk
-0.62,1.83,3.25,2.6843721126402533,walk
0.67,2.44,2.41,2.6843721126402533,walk
1.38,3.58,1.69,2.6843721126402533,walk
2.11,4.48,1.26,2.6843721126402533,walk
2.92,4.9,0.82,2.6843721126402533,walk
3.83,4.73,0.58,2.6843721126402533,walk
4.95,4.35,0.38,2.6843721126402533,walk
6.18,3.87,-0.02,2.6843721126402533,walk
7.35,3.62,-0.57,2.6843721126402533,walk
8.24,3.75,-0.86,2.6843721126402533,walk
9.37,4.53,-0.33,2.6843721126402533,walk
10.67,5.58,0.34,2.6843721126402533,walk
11.76,6.45,0.82,2.6843721126402533,walk
12.64,7.42,1.06,2.6843721126402533,walk
13.49,8.03,0.99,2.6843721126402533,walk
14.2,7.88,0.58,2.6843721126402533,walk
14.66,7.5,-0.34,2.6843721126402533,walk
14.8,7.33,-1.87,2.6843721126402533,walk
14.39,6.81,-3.17,2.6843721126402533,walk
13.74,6.22,-3.93,2.6843721126402533,walk
12.97,6.32,-4.09,2.6843721126402533,walk
12.46,6.87,-3.78,2.6843721126402533,walk
12.05,7.85,-3.24,2.6843721126402533,walk
11.46,9.08,-2.52,2.6843721126402533,walk
10.32,10.72,-1.49,2.6843721126402533,walk
7.48,12.13,0.08,2.6843721126402533,walk
2.31,12.69,0.72,2.6843721126402533,walk
-3.11,12.75,-0.52,2.6843721126402533,walk
-6.56,14.41,-2.17,2.6843721126402533,walk
-9.62,16.13,-3.52,2.6843721126402533,walk
-13.43,14.4,-0.86,2.6843721126402533,walk
-17.43,12.74,5.89,2.6843721126402533,walk
-23.44,13.35,12.38,2.6843721126402533,walk
-30.88,14.38,17.93,2.6843721126402533,walk
-35.62,14.56,21.19,2.6843721126402533,walk
-35.91,10.51,19.93,2.6843721126402533,walk
-30.96,3.75,15.33,2.6843721126402533,walk
-23.68,-2.74,9.95,2.6843721126402533,walk
-16.33,-6.55,6.37,2.858002541831579,walk
-10.94,-8.42,4.79,2.858002541831579,walk
-7.55,-9.35,4.68,2.858002541831579,walk
-5.16,-9.57,5.16,2.858002541831579,walk
-3.64,-9.71,4.68,2.858002541831579,walk
-2.25,-9.51,3.99,2.858002541831579,walk
-0.54,-9.59,3.93,2.858002541831579,walk
1.26,-10.42,4.1,2.858002541831579,walk
3.09,-11.6,4.0,2.858002541831579,walk
4.78,-12.77,3.11,2.858002541831579,walk
6.07,-14.6,2.15,2.858002541831579,walk
7.49,-17.51,1.76,2.858002541831579,walk
8.99,-20.76,1.37,2.858002541831579,walk
10.26,-23.93,0.76,2.858002541831579,walk
11.6,-26.02,0.04,2.858002541831579,walk
12.51,-26.69,-0.17,2.858002541831579,walk
12.65,-26.39,0.16,2.858002541831579,walk
11.89,-25.31,0.57,2.858002541831579,walk
10.62,-23.67,0.45,2.858002541831579,walk
9.21,-21.94,-0.07,2.858002541831579,walk
7.59,-20.38,-0.82,2.858002541831579,walk
5.75,-18.33,-1.48,2.858002541831579,walk
3.57,-15.83,-1.79,2.858002541831579,walk
1.2,-13.5,-1.61,2.858002541831579,walk
-0.94,-12.03,-0.94,2.858002541831579,walk
-2.77,-11.7,-0.96,2.858002541831579,walk
-5.71,-12.34,-2.58,2.858002541831579,walk
-9.38,-11.32,-5.14,2.858002541831579,walk
-13.18,-3.98,-6.41,2.858002541831579,walk
-20.74,8.72,-5.22,2.858002541831579,walk
-32.71,16.93,-0.5,2.858002541831579,walk
-39.93,22.27,7.16,2.858002541831579,walk
-37.42,26.1,10.98,2.858002541831579,walk
-29.97,23.19,9.35,2.858002541831579,walk
-19.74,18.17,5.53,2.858002541831579,walk
-11.71,12.36,1.24,2.858002541831579,walk
-6.1,7.01,0.12,2.858002541831579,walk
-2.29,4.16,1.75,2.858002541831579,walk
0.21,3.64,3.69,2.858002541831579,walk
1.91,4.47,3.88,2.858002541831579,walk
3.13,5.23,1.59,2.858002541831579,walk
4.09,5.46,-0.53,2.858002541831579,walk
4.68,5.45,-2.45,2.858002541831579,walk
5.09,5.85,-4.24,2.858002541831579,walk
5.53,6.57,-5.45,2.858002541831579,walk
6.56,6.75,-5.93,2.858002541831579,walk
8.12,5.68,-5.39,2.858002541831579,walk
9.71,4.07,-3.74,2.858002541831579,walk
11.3,2.69,-2.16,2.858002541831579,walk
12.72,1.53,-1.26,2.858002541831579,walk
13.49,0.78,-0.75,2.858002541831579,walk
13.84,0.49,-0.68,2.858002541831579,walk
13.92,0.29,-0.93,2.858002541831579,walk
13.72,0.73,-1.23,2.858002541831579,walk
13.27,0.89,-1.41,2.858002541831579,walk
12.62,0.72,-1.37,2.858002541831579,walk
11.72,0.63,-1.36,2.858002541831579,walk
10.89,0.85,-1.0,2.858002541831579,walk
9.78,1.63,-0.86,2.858002541831579,walk
9.01,3.32,-0.54,2.858002541831579,walk
8.02,5.98,-0.68,2.858002541831579,walk
5.72,9.21,-1.81,2.858002541831579,walk
1.94,12.4,-3.88,2.858002541831579,walk
-2.57,13.8,-6.19,2.858002541831579,walk
-6.47,13.7,-6.23,2.858002541831579,walk
-9.6,18.05,-1.62,2.858002541831579,walk
-14.62,27.3,4.83,2.858002541831579,walk
-21.78,30.55,12.02,2.858002541831579,walk
-25.46,26.34,19.04,2.858002541831579,walk
-24.71,21.47,19.42,2.858002541831579,walk
-24.1,14.54,15.79,2.858002541831579,walk
-21.9,7.99,13.81,2.858002541831579,walk
-18.71,2.59,12.3,2.858002541831579,walk
-15.17,-0.85,10.55,2.858002541831579,walk
-12.32,-2.64,9.24,2.858002541831579,walk
-10.12,-3.59,8.94,2.858002541831579,walk
-8.31,-4.74,9.14,2.858002541831579,walk
-6.76,-6.34,9.11,2.858002541831579,walk
-5.24,-8.01,8.44,2.858002541831579,walk
-3.1,-9.81,7.44,2.858002541831579,walk
-0.56,-11.89,6.05,2.858002541831579,walk
2.18,-14.05,4.32,2.858002541831579,walk
4.35,-15.93,2.71,2.858002541831579,walk
5.82,-16.99,2.05,2.858002541831579,walk
6.44,-17.07,2.06,2.858002541831579,walk
6.19,-16.58,2.65,2.858002541831579,walk
5.71,-15.91,3.35,2.858002541831579,walk
5.28,-15.3,3.52,2.858002541831579,walk
5.02,-15.36,3.25,2.858002541831579,walk
5.44,-15.98,2.31,2.858002541831579,walk
6.29,-17.09,0.88,2.858002541831579,walk
7.23,-18.6,-0.25,2.858002541831579,walk
8.04,-20.1,-0.91,2.858002541831579,walk
8.52,-20.81,-0.88,2.858002541831579,walk
8.38,-20.75,-0.25,2.858002541831579,walk
7.37,-20.23,0.41,2.858002541831579,walk
5.92,-19.35,0.81,2.858002541831579,walk
4.49,-18.01,0.76,2.858002541831579,walk
3.11,-16.91,0.18,2.858002541831579,walk
2.07,-16.32,-0.56,2.9226893549875363,walk
1.21,-17.09,-0.94,2.9226893549875363,walk
0.11,-19.12,-0.62,2.9226893549875363,walk
-1.91,-19.96,-0.54,2.9226893549875363,walk
-5.18,-18.44,-1.51,2.9226893549875363,walk
-9.26,-13.09,-2.67,2.9226893549875363,walk
-15.82,-2.92,-1.88,2.9226893549875363,walk
-25.32,8.38,1.15,2.9226893549875363,walk
-35.23,16.81,5.44,2.9226893549875363,walk
-40.65,24.37,8.77,2.9226893549875363,walk
-39.59,30.64,9.02,2.9226893549875363,walk
-34.38,30.59,6.97,2.9226893549875363,walk
-26.35,25.68,4.72,2.9226893549875363,walk
-17.84,19.88,2.97,2.9226893549875363,walk
-10.72,13.98,1.56,2.9226893549875363,walk
-5.0,9.54,0.48,2.9226893549875363,walk
-0.7,7.11,-1.14,2.9226893549875363,walk
2.58,5.11,-3.36,2.9226893549875363,walk
4.51,3.53,-3.7,2.9226893549875363,walk
5.94,2.72,-3.88,2.9226893549875363,walk
7.28,1.98,-4.44,2.9226893549875363,walk
8.73,1.17,-5.24,2.9226893549875363,walk
10.32,0.24,-6.39,2.9226893549875363,walk
12.04,-0.98,-7.13,2.9226893549875363,walk
13.75,-2.5,-6.66,2.9226893549875363,walk
15.39,-3.97,-5.21,2.9226893549875363,walk
16.51,-4.4,-3.39,2.9226893549875363,walk
16.5,-4.05,-1.6,2.9226893549875363,walk
15.84,-2.9,-0.16,2.9226893549875363,walk
14.91,-0.83,0.52,2.9226893549875363,walk
13.81,1.0,0.24,2.9226893549875363,walk
12.81,2.53,-0.45,2.9226893549875363,walk
12.25,3.75,-1.36,2.9226893549875363,walk
11.95,4.7,-2.0,2.9226893549875363,walk
11.33,5.64,-1.73,2.9226893549875363,walk
10.11,7.22,-0.37,2.9226893549875363,walk
8.29,9.63,1.51,2.9226893549875363,walk
5.77,12.02,3.0,2.9226893549875363,walk
2.46,13.58,3.4,2.9226893549875363,walk
-1.75,14.25,2.5,2.9226893549875363,walk
-6.34,16.68,2.5,2.9226893549875363,walk
-10.71,21.66,4.9,2.9226893549875363,walk
-15.12,26.86,8.39,2.9226893549875363,walk
-20.68,27.54,12.24,2.9226893549875363,walk
-24.97,25.09,15.88,2.9226893549875363,walk
-27.06,22.75,17.16,2.9226893549875363,walk
-28.19,18.3,15.74,2.9226893549875363,walk
-26.72,12.85,13.5,2.9226893549875363,walk
-23.67,6.6,10.58,2.9226893549875363,walk
-19.86,1.01,7.85,2.9226893549875363,walk
-16.47,-3.16,6.11,2.9226893549875363,walk
-13.59,-5.79,5.29,2.9226893549875363,walk
-11.36,-7.32,4.95,2.9226893549875363,walk
-9.3,-8.5,5.01,2.9226893549875363,walk
-7.05,-9.77,5.16,2.9226893549875363,walk
-5.17,-11.24,4.92,2.9226893549875363,walk
-3.42,-12.26,4.13,2.9226893549875363,walk
-1.51,-13.02,3.33,2.9226893549875363,walk
0.35,-14.09,2.29,2.9226893549875363,walk
1.85,-15.73,1.19,2.9226893549875363,walk
3.24,-17.18,0.49,2.9226893549875363,walk
4.35,-18.0,0.42,2.9226893549875363,walk
5.0,-18.34,0.84,2.9226893549875363,walk
5.14,-18.38,0.93,2.9226893549875363,walk
4.88,-18.79,0.12,2.9226893549875363,walk
4.81,-20.0,-1.3,2.9226893549875363,walk
4.87,-22.1,-3.05,2.9226893549875363,walk
5.53,-23.5,-4.33,2.9226893549875363,walk
5.9,-23.11,-4.46,2.9226893549875363,walk
4.9,-22.03,-2.55,2.9226893549875363,walk
3.58,-21.31,0.18,2.9226893549875363,walk
2.88,-20.37,2.18,2.9226893549875363,walk
2.91,-19.72,2.84,2.9226893549875363,walk
3.51,-19.52,2.11,2.9226893549875363,walk
4.42,-19.37,-0.13,2.9226893549875363,walk
4.31,-18.91,-2.27,2.9226893549875363,walk
2.73,-16.86,-1.74,2.9226893549875363,walk
0.18,-13.75,0.81,2.9226893549875363,walk
-3.22,-10.7,2.23,2.9226893549875363,walk
-7.51,-7.51,2.65,2.9226893549875363,walk
-11.91,-3.57,2.42,2.9226893549875363,walk
-15.08,2.56,0.93,2.9226893549875363,walk
-18.23,9.99,0.37,2.9226893549875363,walk
-25.0,13.2,3.49,2.9226893549875363,walk
-29.74,18.04,8.1,2.9226893549875363,walk
-29.9,24.8,10.48,2.9226893549875363,walk
-26.46,26.21,10.94,2.9226893549875363,walk
-20.11,22.33,9.64,2.9226893549875363,walk
-12.89,16.89,6.99,2.9226893549875363,walk
-7.13,11.67,3.84,2.9226893549875363,walk
-3.25,8.05,1.44,2.9226893549875363,walk
-0.8,6.46,-0.26,2.9226893549875363,walk
0.56,6.02,-1.02,2.9226893549875363,walk
1.66,5.64,-1.6,2.9226893549875363,walk
2.83,4.65,-1.96,2.9226893549875363,walk
3.84,3.74,-1.88,2.9226893549875363,walk
4.81,3.31,-1.83,2.9226893549875363,walk
5.86,3.06,-1.76,2.9226893549875363,walk
7.17,2.72,-1.61,2.672936240340343,walk
8.56,2.27,-1.15,2.672936240340343,walk
9.94,1.9,-0.72,2.672936240340343,walk
11.3,1.48,-0.53,2.672936240340343,walk
12.22,0.97,-0.31,2.672936240340343,walk
12.74,0.67,0.16,2.672936240340343,walk
13.05,0.56,0.52,2.672936240340343,walk
13.3,0.38,0.1,2.672936240340343,walk
13.39,0.07,-1.01,2.672936240340343,walk
13.25,-0.15,-2.55,2.672936240340343,walk
12.83,-0.28,-4.23,2.672936240340343,walk
12.33,-0.21,-5.32,2.672936240340343,walk
11.94,0.15,-5.33,2.672936240340343,walk
11.33,0.76,-4.64,2.672936240340343,walk
10.42,1.93,-3.98,2.672936240340343,walk
8.49,3.52,-3.51,2.672936240340343,walk
5.41,5.71,-2.57,2.672936240340343,walk
1.35,8.57,-1.51,2.672936240340343,walk
-3.95,10.96,-0.61,2.672936240340343,walk
-9.26,15.42,1.39,2.672936240340343,walk
-13.54,23.97,4.25,2.672936240340343,walk
-18.76,30.82,6.31,2.672936240340343,walk
-26.36,30.57,8.42,2.672936240340343,walk
-29.04,30.86,10.63,2.672936240340343,walk
-29.29,26.88,10.37,2.672936240340343,walk
-27.26,17.95,9.44,2.672936240340343,walk
-22.57,10.09,8.14,2.672936240340343,walk
-17.75,4.13,6.74,2.672936240340343,walk
-14.18,-0.05,5.74,2.672936240340343,walk
-11.9,-2.13,5.39,2.672936240340343,walk
-10.65,-3.22,5.4,2.672936240340343,walk
-9.53,-4.52,5.05,2.672936240340343,walk
-7.94,-6.41,3.85,2.672936240340343,walk
-5.84,-8.45,1.93,2.672936240340343,walk
-3.53,-10.24,-0.46,2.672936240340343,walk
-1.25,-11.57,-3.11,2.672936240340343,walk
0.54,-12.29,-5.56,2.672936240340343,walk
1.54,-12.51,-7.18,2.672936240340343,walk
1.91,-12.19,-7.64,2.672936240340343,walk
1.8,-11.75,-7.41,2.672936240340343,walk
1.33,-10.98,-7.31,2.672936240340343,walk
0.76,-9.92,-7.46,2.672936240340343,walk
0.08,-8.99,-8.18,2.672936240340343,walk
-0.63,-8.15,-9.31,2.672936240340343,walk
-0.82,-7.97,-10.65,2.672936240340343,walk
-0.7,-8.27,-12.15,2.672936240340343,walk
-0.59,-8.45,-13.7,2.672936240340343,walk
-0.58,-8.07,-14.59,2.672936240340343,walk
-0.72,-7.46,-14.67,2.672936240340343,walk
-1.06,-6.81,-14.16,2.672936240340343,walk
-1.4,-6.19,-12.78,2.672936240340343,walk
-1.69,-5.95,-10.4,2.672936240340343,walk
-2.32,-5.91,-8.04,2.672936240340343,walk
-2.94,-5.5,-6.07,2.672936240340343,walk
-3.13,-4.38,-4.16,2.672936240340343,walk
-3.56,-2.45,-2.69,2.672936240340343,walk
-3.44,-0.03,-2.23,2.672936240340343,walk
-2.38,1.13,-1.85,2.672936240340343,walk
-1.47,0.84,-1.03,2.672936240340343,walk
-0.72,0.78,0.68,2.672936240340343,walk
0.03,1.36,4.42,2.672936240340343,walk
-0.51,1.0,7.4,2.672936240340343,walk
-1.72,0.15,10.26,2.672936240340343,walk
-2.71,0.05,12.51,2.672936240340343,walk
-3.62,0.11,13.5,2.672936240340343,walk
-3.77,-0.19,13.31,2.672936240340343,walk
-3.18,-0.27,11.02,2.672936240340343,walk
-1.88,-0.26,7.52,2.672936240340343,walk
-0.28,-0.44,3.88,2.672936240340343,walk
-0.87,0.08,6.64,2.672936240340343,walk
-4.44,4.83,15.11,2.672936240340343,walk
-3.69,7.8,3.52,2.672936240340343,walk
-1.24,5.92,-7.88,2.672936240340343,walk
0.6,3.45,-9.89,2.672936240340343,walk
0.57,1.78,-7.69,2.672936240340343,walk
0.48,0.29,-4.94,2.672936240340343,walk
0.55,-1.02,-3.02,2.672936240340343,walk
1.05,-1.91,-1.94,2.672936240340343,walk
1.89,-2.72,-2.47,2.672936240340343,walk
2.6,-3.02,-3.53,2.672936240340343,walk
3.01,-2.69,-4.38,2.672936240340343,walk
2.9,-2.4,-5.14,2.672936240340343,walk
3.01,-2.32,-6.23,2.672936240340343,walk
3.44,-2.25,-7.85,2.672936240340343,walk
3.69,-2.53,-8.28,2.672936240340343,walk
3.54,-2.78,-7.33,2.672936240340343,walk
3.19,-2.7,-5.99,2.672936240340343,walk
2.86,-3.04,-4.99,2.672936240340343,walk
2.81,-2.88,-4.27,2.672936240340343,walk
2.83,-2.54,-3.62,2.672936240340343,walk
2.8,-1.67,-2.7,2.672936240340343,walk
2.8,-0.25,-1.56,2.672936240340343,walk
2.96,1.01,-0.61,2.672936240340343,walk
2.39,1.21,-0.22,2.672936240340343,walk
1.66,1.13,0.9,2.672936240340343,walk
1.31,2.61,3.79,2.672936240340343,walk
1.13,4.41,8.98,2.672936240340343,walk
1.43,5.26,12.21,2.672936240340343,walk
1.73,2.89,13.51,2.672936240340343,walk
2.48,-0.66,14.44,2.618299300235904,walk
3.48,-2.37,13.8,2.618299300235904,walk
3.31,-3.3,12.42,2.618299300235904,walk
2.73,-3.12,10.34,2.618299300235904,walk
2.33,-2.41,7.91,2.618299300235904,walk
2.2,-2.17,5.54,2.618299300235904,walk
2.28,-2.18,3.87,2.618299300235904,walk
2.22,-2.36,2.67,2.618299300235904,walk
1.79,-2.48,1.5,2.618299300235904,walk
1.09,-2.21,0.15,2.618299300235904,walk
0.27,-1.64,-1.19,2.618299300235904,walk
-0.51,-0.82,-2.49,2.618299300235904,walk
-1.23,0.16,-3.44,2.618299300235904,walk
-1.65,0.49,-4.09,2.618299300235904,walk
-1.77,0.23,-4.12,2.618299300235904,walk
-1.71,-0.16,-3.92,2.618299300235904,walk
-1.52,-0.56,-4.14,2.618299300235904,walk
-1.4,-0.98,-4.72,2.618299300235904,walk
-1.55,-1.15,-5.08,2.618299300235904,walk
-1.93,-1.03,-5.33,2.618299300235904,walk
-2.09,-1.04,-6.41,2.618299300235904,walk
-1.84,-1.33,-7.78,2.618299300235904,walk
-1.43,-1.89,-8.81,2.618299300235904,walk
-1.03,-2.49,-9.21,2.618299300235904,walk
-0.82,-2.79,-9.02,2.618299300235904,walk
-0.94,-2.68,-8.13,2.618299300235904,walk
-1.4,-2.44,-6.8,2.618299300235904,walk
-1.79,-2.52,-5.53,2.618299300235904,walk
-1.99,-2.57,-5.04,2.618299300235904,walk
-2.11,-2.22,-5.74,2.618299300235904,walk
-2.29,-2.27,-7.39,2.618299300235904,walk
-3.23,-2.08,-6.42,2.618299300235904,walk
-4.05,-1.13,-5.85,2.618299300235904,walk
-4.87,-0.44,-4.05,2.618299300235904,walk
-5.34,0.03,-2.75,2.618299300235904,walk
-5.56,0.79,-0.39,2.618299300235904,walk
-5.9,1.77,4.25,2.618299300235904,walk
-6.37,3.29,9.27,2.618299300235904,walk
-7.15,3.88,10.92,2.618299300235904,walk
